trial,testing,state,action,reward,Q_before,Q_after
1,False,"('right', 'red', 'left')",,2.212382164561668,"{'forward': '0.00', None: '0.00', 'right': '0.00', 'left': '0.00'}","{'forward': '0.00', None: '1.11', 'right': '0.00', 'left': '0.00'}"
1,False,"('right', 'red', 'left')",right,2.6110047260350635,"{'forward': '0.00', None: '1.11', 'right': '0.00', 'left': '0.00'}","{'forward': '0.00', None: '1.11', 'right': '1.31', 'left': '0.00'}"
1,False,"('forward', 'red', 'forward')",right,1.823468086659195,"{'forward': '0.00', None: '0.00', 'right': '0.00', 'left': '0.00'}","{'forward': '0.00', None: '0.00', 'right': '0.91', 'left': '0.00'}"
1,False,"('left', 'green', None)",,-5.011913245412613,"{'forward': '0.00', None: '0.00', 'right': '0.00', 'left': '0.00'}","{'forward': '0.00', None: '-2.51', 'right': '0.00', 'left': '0.00'}"
1,False,"('left', 'green', None)",,-5.095561319037811,"{'forward': '0.00', None: '-2.51', 'right': '0.00', 'left': '0.00'}","{'forward': '0.00', None: '-3.80', 'right': '0.00', 'left': '0.00'}"
1,False,"('left', 'green', None)",forward,0.24147917166570632,"{'forward': '0.00', None: '-3.80', 'right': '0.00', 'left': '0.00'}","{'forward': '0.12', None: '-3.80', 'right': '0.00', 'left': '0.00'}"
1,False,"('left', 'green', 'left')",forward,1.2342074991704473,"{'forward': '0.00', None: '0.00', 'right': '0.00', 'left': '0.00'}","{'forward': '0.62', None: '0.00', 'right': '0.00', 'left': '0.00'}"
1,False,"('left', 'red', None)",left,-40.40936831465589,"{'forward': '0.00', None: '0.00', 'right': '0.00', 'left': '0.00'}","{'forward': '0.00', None: '0.00', 'right': '0.00', 'left': '-20.20'}"
1,False,"('left', 'red', None)",,2.338500780658108,"{'forward': '0.00', None: '0.00', 'right': '0.00', 'left': '-20.20'}","{'forward': '0.00', None: '1.17', 'right': '0.00', 'left': '-20.20'}"
1,False,"('left', 'red', 'left')",right,0.9985371148729381,"{'forward': '0.00', None: '0.00', 'right': '0.00', 'left': '0.00'}","{'forward': '0.00', None: '0.00', 'right': '0.50', 'left': '0.00'}"
1,False,"('left', 'green', None)",left,2.0971036671020746,"{'forward': '0.12', None: '-3.80', 'right': '0.00', 'left': '0.00'}","{'forward': '0.12', None: '-3.80', 'right': '0.00', 'left': '1.05'}"
1,False,"('left', 'green', None)",left,1.4879680517169744,"{'forward': '0.12', None: '-3.80', 'right': '0.00', 'left': '1.05'}","{'forward': '0.12', None: '-3.80', 'right': '0.00', 'left': '1.27'}"
1,False,"('forward', 'green', None)",forward,0.774759028188136,"{'forward': '0.00', None: '0.00', 'right': '0.00', 'left': '0.00'}","{'forward': '0.39', None: '0.00', 'right': '0.00', 'left': '0.00'}"
1,False,"('forward', 'red', None)",forward,-9.829514445827513,"{'forward': '0.00', None: '0.00', 'right': '0.00', 'left': '0.00'}","{'forward': '-4.91', None: '0.00', 'right': '0.00', 'left': '0.00'}"
1,False,"('forward', 'red', None)",,1.6282596110585665,"{'forward': '-4.91', None: '0.00', 'right': '0.00', 'left': '0.00'}","{'forward': '-4.91', None: '0.81', 'right': '0.00', 'left': '0.00'}"
1,False,"('forward', 'green', None)",right,-0.06415745003787587,"{'forward': '0.39', None: '0.00', 'right': '0.00', 'left': '0.00'}","{'forward': '0.39', None: '0.00', 'right': '-0.03', 'left': '0.00'}"
1,False,"('left', 'red', None)",right,0.6545103358395088,"{'forward': '0.00', None: '1.17', 'right': '0.00', 'left': '-20.20'}","{'forward': '0.00', None: '1.17', 'right': '0.33', 'left': '-20.20'}"
1,False,"('right', 'red', None)",left,-10.186411444262745,"{'forward': '0.00', None: '0.00', 'right': '0.00', 'left': '0.00'}","{'forward': '0.00', None: '0.00', 'right': '0.00', 'left': '-5.09'}"
1,False,"('right', 'red', None)",left,-10.377180606819056,"{'forward': '0.00', None: '0.00', 'right': '0.00', 'left': '-5.09'}","{'forward': '0.00', None: '0.00', 'right': '0.00', 'left': '-7.74'}"
1,False,"('right', 'green', None)",left,0.06596226011784789,"{'forward': '0.00', None: '0.00', 'right': '0.00', 'left': '0.00'}","{'forward': '0.00', None: '0.00', 'right': '0.00', 'left': '0.03'}"
2,False,"('right', 'red', None)",left,-9.386140914443697,"{'forward': '0.00', None: '0.00', 'right': '0.00', 'left': '-7.74'}","{'forward': '0.00', None: '0.00', 'right': '0.00', 'left': '-8.56'}"
2,False,"('right', 'red', 'right')",,1.8935017481763259,"{'forward': '0.00', None: '0.00', 'right': '0.00', 'left': '0.00'}","{'forward': '0.00', None: '0.95', 'right': '0.00', 'left': '0.00'}"
2,False,"('right', 'red', None)",,2.3932431274505213,"{'forward': '0.00', None: '0.00', 'right': '0.00', 'left': '-8.56'}","{'forward': '0.00', None: '1.20', 'right': '0.00', 'left': '-8.56'}"
2,False,"('right', 'green', None)",,-5.694771557676823,"{'forward': '0.00', None: '0.00', 'right': '0.00', 'left': '0.03'}","{'forward': '0.00', None: '-2.85', 'right': '0.00', 'left': '0.03'}"
2,False,"('right', 'green', 'forward')",forward,1.78698462020257,"{'forward': '0.00', None: '0.00', 'right': '0.00', 'left': '0.00'}","{'forward': '0.89', None: '0.00', 'right': '0.00', 'left': '0.00'}"
2,False,"('right', 'green', None)",right,1.1132685172243602,"{'forward': '0.00', None: '-2.85', 'right': '0.00', 'left': '0.03'}","{'forward': '0.00', None: '-2.85', 'right': '0.56', 'left': '0.03'}"
2,False,"('forward', 'green', 'left')",left,0.41514149738946926,"{'forward': '0.00', None: '0.00', 'right': '0.00', 'left': '0.00'}","{'forward': '0.00', None: '0.00', 'right': '0.00', 'left': '0.21'}"
2,False,"('right', 'red', None)",,1.692161188156983,"{'forward': '0.00', None: '1.20', 'right': '0.00', 'left': '-8.56'}","{'forward': '0.00', None: '1.44', 'right': '0.00', 'left': '-8.56'}"
2,False,"('right', 'red', None)",left,-10.394390711877111,"{'forward': '0.00', None: '1.44', 'right': '0.00', 'left': '-8.56'}","{'forward': '0.00', None: '1.44', 'right': '0.00', 'left': '-9.48'}"
2,False,"('right', 'green', None)",right,1.5272905487985116,"{'forward': '0.00', None: '-2.85', 'right': '0.56', 'left': '0.03'}","{'forward': '0.00', None: '-2.85', 'right': '1.04', 'left': '0.03'}"
2,False,"('forward', 'red', 'right')",left,-40.69530935756903,"{'forward': '0.00', None: '0.00', 'right': '0.00', 'left': '0.00'}","{'forward': '0.00', None: '0.00', 'right': '0.00', 'left': '-20.35'}"
2,False,"('forward', 'red', 'right')",left,-40.03411831515357,"{'forward': '0.00', None: '0.00', 'right': '0.00', 'left': '-20.35'}","{'forward': '0.00', None: '0.00', 'right': '0.00', 'left': '-30.19'}"
2,False,"('forward', 'red', None)",left,-9.328649088621269,"{'forward': '-4.91', None: '0.81', 'right': '0.00', 'left': '0.00'}","{'forward': '-4.91', None: '0.81', 'right': '0.00', 'left': '-4.66'}"
2,False,"('forward', 'green', 'right')",forward,2.5267010715793776,"{'forward': '0.00', None: '0.00', 'right': '0.00', 'left': '0.00'}","{'forward': '1.26', None: '0.00', 'right': '0.00', 'left': '0.00'}"
2,False,"('forward', 'green', 'left')",left,0.95335657394589,"{'forward': '0.00', None: '0.00', 'right': '0.00', 'left': '0.21'}","{'forward': '0.00', None: '0.00', 'right': '0.00', 'left': '0.58'}"
2,False,"('right', 'green', 'left')",,0.5011449363036536,"{'forward': '0.00', None: '0.00', 'right': '0.00', 'left': '0.00'}","{'forward': '0.00', None: '0.25', 'right': '0.00', 'left': '0.00'}"
2,False,"('right', 'green', None)",left,1.605043086094797,"{'forward': '0.00', None: '-2.85', 'right': '1.04', 'left': '0.03'}","{'forward': '0.00', None: '-2.85', 'right': '1.04', 'left': '0.82'}"
2,False,"('left', 'red', 'forward')",left,-40.99139035547942,"{'forward': '0.00', None: '0.00', 'right': '0.00', 'left': '0.00'}","{'forward': '0.00', None: '0.00', 'right': '0.00', 'left': '-20.50'}"
2,False,"('left', 'red', 'forward')",left,-9.178900994197583,"{'forward': '0.00', None: '0.00', 'right': '0.00', 'left': '-20.50'}","{'forward': '0.00', None: '0.00', 'right': '0.00', 'left': '-14.84'}"
2,False,"('left', 'red', 'forward')",,1.9934819936100503,"{'forward': '0.00', None: '0.00', 'right': '0.00', 'left': '-14.84'}","{'forward': '0.00', None: '1.00', 'right': '0.00', 'left': '-14.84'}"
2,False,"('left', 'red', 'forward')",left,-9.119137059658499,"{'forward': '0.00', None: '1.00', 'right': '0.00', 'left': '-14.84'}","{'forward': '0.00', None: '1.00', 'right': '0.00', 'left': '-11.98'}"
2,False,"('left', 'green', 'forward')",right,-0.3941341431797324,"{'forward': '0.00', None: '0.00', 'right': '0.00', 'left': '0.00'}","{'forward': '0.00', None: '0.00', 'right': '-0.20', 'left': '0.00'}"
2,False,"('right', 'red', 'left')",right,2.127269989370812,"{'forward': '0.00', None: '1.11', 'right': '1.31', 'left': '0.00'}","{'forward': '0.00', None: '1.11', 'right': '1.72', 'left': '0.00'}"
2,False,"('forward', 'red', 'left')",left,-9.608410593338608,"{'forward': '0.00', None: '0.00', 'right': '0.00', 'left': '0.00'}","{'forward': '0.00', None: '0.00', 'right': '0.00', 'left': '-4.80'}"
2,False,"('forward', 'red', 'left')",,1.1638958812542433,"{'forward': '0.00', None: '0.00', 'right': '0.00', 'left': '-4.80'}","{'forward': '0.00', None: '0.58', 'right': '0.00', 'left': '-4.80'}"
2,False,"('forward', 'red', 'left')",left,-9.834162855508588,"{'forward': '0.00', None: '0.58', 'right': '0.00', 'left': '-4.80'}","{'forward': '0.00', None: '0.58', 'right': '0.00', 'left': '-7.32'}"
2,False,"('forward', 'green', 'left')",forward,2.122960901585928,"{'forward': '0.00', None: '0.00', 'right': '0.00', 'left': '0.58'}","{'forward': '1.06', None: '0.00', 'right': '0.00', 'left': '0.58'}"
2,False,"('right', 'red', None)",,1.4111603819267542,"{'forward': '0.00', None: '1.44', 'right': '0.00', 'left': '-9.48'}","{'forward': '0.00', None: '1.43', 'right': '0.00', 'left': '-9.48'}"
2,False,"('right', 'red', None)",forward,-9.03563655334331,"{'forward': '0.00', None: '1.43', 'right': '0.00', 'left': '-9.48'}","{'forward': '-4.52', None: '1.43', 'right': '0.00', 'left': '-9.48'}"
2,False,"('right', 'red', None)",right,0.623718844984843,"{'forward': '-4.52', None: '1.43', 'right': '0.00', 'left': '-9.48'}","{'forward': '-4.52', None: '1.43', 'right': '0.31', 'left': '-9.48'}"
3,False,"('right', 'green', 'forward')",,-5.8757962978855565,"{'forward': '0.89', None: '0.00', 'right': '0.00', 'left': '0.00'}","{'forward': '0.89', None: '-2.94', 'right': '0.00', 'left': '0.00'}"
3,False,"('right', 'green', None)",left,0.9181970261802985,"{'forward': '0.00', None: '-2.85', 'right': '1.04', 'left': '0.82'}","{'forward': '0.00', None: '-2.85', 'right': '1.04', 'left': '0.87'}"
3,False,"('left', 'green', None)",forward,1.5068183010439646,"{'forward': '0.12', None: '-3.80', 'right': '0.00', 'left': '1.27'}","{'forward': '0.81', None: '-3.80', 'right': '0.00', 'left': '1.27'}"
3,False,"('forward', 'red', 'left')",forward,-10.984154935705137,"{'forward': '0.00', None: '0.58', 'right': '0.00', 'left': '-7.32'}","{'forward': '-5.49', None: '0.58', 'right': '0.00', 'left': '-7.32'}"
3,False,"('forward', 'green', 'left')",left,1.211253189494787,"{'forward': '1.06', None: '0.00', 'right': '0.00', 'left': '0.58'}","{'forward': '1.06', None: '0.00', 'right': '0.00', 'left': '0.90'}"
3,False,"('right', 'red', None)",left,-40.218456076240045,"{'forward': '-4.52', None: '1.43', 'right': '0.31', 'left': '-9.48'}","{'forward': '-4.52', None: '1.43', 'right': '0.31', 'left': '-24.85'}"
3,False,"('right', 'red', 'right')",left,-40.30957355495521,"{'forward': '0.00', None: '0.95', 'right': '0.00', 'left': '0.00'}","{'forward': '0.00', None: '0.95', 'right': '0.00', 'left': '-20.15'}"
3,False,"('right', 'red', None)",left,-10.292581766251454,"{'forward': '-4.52', None: '1.43', 'right': '0.31', 'left': '-24.85'}","{'forward': '-4.52', None: '1.43', 'right': '0.31', 'left': '-17.57'}"
3,False,"('right', 'red', None)",forward,-10.43632397864306,"{'forward': '-4.52', None: '1.43', 'right': '0.31', 'left': '-17.57'}","{'forward': '-7.48', None: '1.43', 'right': '0.31', 'left': '-17.57'}"
3,False,"('right', 'green', None)",left,1.1493758976876562,"{'forward': '0.00', None: '-2.85', 'right': '1.04', 'left': '0.87'}","{'forward': '0.00', None: '-2.85', 'right': '1.04', 'left': '1.01'}"
3,False,"('forward', 'red', None)",,2.7688383989325374,"{'forward': '-4.91', None: '0.81', 'right': '0.00', 'left': '-4.66'}","{'forward': '-4.91', None: '1.79', 'right': '0.00', 'left': '-4.66'}"
3,False,"('forward', 'green', None)",left,0.31785542862231064,"{'forward': '0.39', None: '0.00', 'right': '-0.03', 'left': '0.00'}","{'forward': '0.39', None: '0.00', 'right': '-0.03', 'left': '0.16'}"
3,False,"('right', 'green', 'left')",forward,1.4350960992255553,"{'forward': '0.00', None: '0.25', 'right': '0.00', 'left': '0.00'}","{'forward': '0.72', None: '0.25', 'right': '0.00', 'left': '0.00'}"
3,False,"('right', 'green', 'forward')",forward,0.14574827823513314,"{'forward': '0.89', None: '-2.94', 'right': '0.00', 'left': '0.00'}","{'forward': '0.52', None: '-2.94', 'right': '0.00', 'left': '0.00'}"
3,False,"('right', 'red', None)",forward,-9.339568891409948,"{'forward': '-7.48', None: '1.43', 'right': '0.31', 'left': '-17.57'}","{'forward': '-8.41', None: '1.43', 'right': '0.31', 'left': '-17.57'}"
3,False,"('right', 'red', None)",forward,-10.59482903696193,"{'forward': '-8.41', None: '1.43', 'right': '0.31', 'left': '-17.57'}","{'forward': '-9.50', None: '1.43', 'right': '0.31', 'left': '-17.57'}"
3,False,"('right', 'green', None)",right,0.8516029250572537,"{'forward': '0.00', None: '-2.85', 'right': '1.04', 'left': '1.01'}","{'forward': '0.00', None: '-2.85', 'right': '0.95', 'left': '1.01'}"
3,False,"('forward', 'green', None)",right,1.5183920606314787,"{'forward': '0.39', None: '0.00', 'right': '-0.03', 'left': '0.16'}","{'forward': '0.39', None: '0.00', 'right': '0.74', 'left': '0.16'}"
3,False,"('left', 'green', 'left')",forward,1.4637398922909703,"{'forward': '0.62', None: '0.00', 'right': '0.00', 'left': '0.00'}","{'forward': '1.04', None: '0.00', 'right': '0.00', 'left': '0.00'}"
3,False,"('left', 'green', 'right')",,-4.081855964756456,"{'forward': '0.00', None: '0.00', 'right': '0.00', 'left': '0.00'}","{'forward': '0.00', None: '-2.04', 'right': '0.00', 'left': '0.00'}"
3,False,"('left', 'green', None)",,-5.165056592934469,"{'forward': '0.81', None: '-3.80', 'right': '0.00', 'left': '1.27'}","{'forward': '0.81', None: '-4.48', 'right': '0.00', 'left': '1.27'}"
3,False,"('left', 'red', None)",forward,-9.371527916980087,"{'forward': '0.00', None: '1.17', 'right': '0.33', 'left': '-20.20'}","{'forward': '-4.69', None: '1.17', 'right': '0.33', 'left': '-20.20'}"
3,False,"('left', 'red', None)",right,-0.020826241928231237,"{'forward': '-4.69', None: '1.17', 'right': '0.33', 'left': '-20.20'}","{'forward': '-4.69', None: '1.17', 'right': '0.15', 'left': '-20.20'}"
3,False,"('left', 'red', 'left')",,1.5174158834450633,"{'forward': '0.00', None: '0.00', 'right': '0.50', 'left': '0.00'}","{'forward': '0.00', None: '0.76', 'right': '0.50', 'left': '0.00'}"
3,False,"('left', 'red', 'left')",right,-0.726393753811803,"{'forward': '0.00', None: '0.76', 'right': '0.50', 'left': '0.00'}","{'forward': '0.00', None: '0.76', 'right': '-0.11', 'left': '0.00'}"
4,False,"('left', 'green', None)",left,1.7420311374181423,"{'forward': '0.81', None: '-4.48', 'right': '0.00', 'left': '1.27'}","{'forward': '0.81', None: '-4.48', 'right': '0.00', 'left': '1.51'}"
4,False,"('forward', 'green', 'forward')",left,-20.86102386467567,"{'forward': '0.00', None: '0.00', 'right': '0.00', 'left': '0.00'}","{'forward': '0.00', None: '0.00', 'right': '0.00', 'left': '-10.43'}"
4,False,"('forward', 'green', None)",,-5.565761899280086,"{'forward': '0.39', None: '0.00', 'right': '0.74', 'left': '0.16'}","{'forward': '0.39', None: '-2.78', 'right': '0.74', 'left': '0.16'}"
4,False,"('forward', 'green', None)",left,1.5599190898594775,"{'forward': '0.39', None: '-2.78', 'right': '0.74', 'left': '0.16'}","{'forward': '0.39', None: '-2.78', 'right': '0.74', 'left': '0.86'}"
4,False,"('right', 'red', None)",right,1.4240539803341308,"{'forward': '-9.50', None: '1.43', 'right': '0.31', 'left': '-17.57'}","{'forward': '-9.50', None: '1.43', 'right': '0.87', 'left': '-17.57'}"
4,False,"('forward', 'green', 'left')",left,-0.01731495042509601,"{'forward': '1.06', None: '0.00', 'right': '0.00', 'left': '0.90'}","{'forward': '1.06', None: '0.00', 'right': '0.00', 'left': '0.44'}"
4,False,"('right', 'green', 'left')",,0.16093006364361662,"{'forward': '0.72', None: '0.25', 'right': '0.00', 'left': '0.00'}","{'forward': '0.72', None: '0.21', 'right': '0.00', 'left': '0.00'}"
4,False,"('right', 'green', None)",left,0.100846347040219,"{'forward': '0.00', None: '-2.85', 'right': '0.95', 'left': '1.01'}","{'forward': '0.00', None: '-2.85', 'right': '0.95', 'left': '0.55'}"
4,False,"('left', 'green', None)",,-4.657224622836323,"{'forward': '0.81', None: '-4.48', 'right': '0.00', 'left': '1.51'}","{'forward': '0.81', None: '-4.57', 'right': '0.00', 'left': '1.51'}"
4,False,"('left', 'green', None)",forward,0.7985448860115629,"{'forward': '0.81', None: '-4.57', 'right': '0.00', 'left': '1.51'}","{'forward': '0.81', None: '-4.57', 'right': '0.00', 'left': '1.51'}"
4,False,"('left', 'red', 'forward')",,1.892060111646125,"{'forward': '0.00', None: '1.00', 'right': '0.00', 'left': '-11.98'}","{'forward': '0.00', None: '1.44', 'right': '0.00', 'left': '-11.98'}"
4,False,"('left', 'green', 'forward')",forward,1.468023606005467,"{'forward': '0.00', None: '0.00', 'right': '-0.20', 'left': '0.00'}","{'forward': '0.73', None: '0.00', 'right': '-0.20', 'left': '0.00'}"
4,False,"('left', 'red', 'forward')",left,-39.261496537431704,"{'forward': '0.00', None: '1.44', 'right': '0.00', 'left': '-11.98'}","{'forward': '0.00', None: '1.44', 'right': '0.00', 'left': '-25.62'}"
4,False,"('left', 'green', 'forward')",forward,-0.2461328216023514,"{'forward': '0.73', None: '0.00', 'right': '-0.20', 'left': '0.00'}","{'forward': '0.24', None: '0.00', 'right': '-0.20', 'left': '0.00'}"
4,False,"('forward', 'red', None)",forward,-10.062683311114485,"{'forward': '-4.91', None: '1.79', 'right': '0.00', 'left': '-4.66'}","{'forward': '-7.49', None: '1.79', 'right': '0.00', 'left': '-4.66'}"
4,False,"('forward', 'green', 'right')",forward,1.595751624254586,"{'forward': '1.26', None: '0.00', 'right': '0.00', 'left': '0.00'}","{'forward': '1.43', None: '0.00', 'right': '0.00', 'left': '0.00'}"
4,False,"('forward', 'red', None)",left,-40.77976873146598,"{'forward': '-7.49', None: '1.79', 'right': '0.00', 'left': '-4.66'}","{'forward': '-7.49', None: '1.79', 'right': '0.00', 'left': '-22.72'}"
4,False,"('forward', 'red', None)",forward,-10.543305269381868,"{'forward': '-7.49', None: '1.79', 'right': '0.00', 'left': '-22.72'}","{'forward': '-9.02', None: '1.79', 'right': '0.00', 'left': '-22.72'}"
4,False,"('forward', 'red', 'forward')",,1.7974995946353922,"{'forward': '0.00', None: '0.00', 'right': '0.91', 'left': '0.00'}","{'forward': '0.00', None: '0.90', 'right': '0.91', 'left': '0.00'}"
4,False,"('forward', 'red', 'forward')",forward,-9.198013014613469,"{'forward': '0.00', None: '0.90', 'right': '0.91', 'left': '0.00'}","{'forward': '-4.60', None: '0.90', 'right': '0.91', 'left': '0.00'}"
5,False,"('forward', 'red', None)",left,-9.333325423293228,"{'forward': '-9.02', None: '1.79', 'right': '0.00', 'left': '-22.72'}","{'forward': '-9.02', None: '1.79', 'right': '0.00', 'left': '-16.03'}"
5,False,"('forward', 'red', 'forward')",,2.9245394297204017,"{'forward': '-4.60', None: '0.90', 'right': '0.91', 'left': '0.00'}","{'forward': '-4.60', None: '1.91', 'right': '0.91', 'left': '0.00'}"
5,False,"('forward', 'red', 'forward')",left,-10.618471005762462,"{'forward': '-4.60', None: '1.91', 'right': '0.91', 'left': '0.00'}","{'forward': '-4.60', None: '1.91', 'right': '0.91', 'left': '-5.31'}"
5,False,"('forward', 'red', 'forward')",left,-10.318958522525802,"{'forward': '-4.60', None: '1.91', 'right': '0.91', 'left': '-5.31'}","{'forward': '-4.60', None: '1.91', 'right': '0.91', 'left': '-7.81'}"
5,False,"('forward', 'green', 'forward')",,-5.806353083773177,"{'forward': '0.00', None: '0.00', 'right': '0.00', 'left': '-10.43'}","{'forward': '0.00', None: '-2.90', 'right': '0.00', 'left': '-10.43'}"
5,False,"('forward', 'green', None)",forward,2.555536784644254,"{'forward': '0.39', None: '-2.78', 'right': '0.74', 'left': '0.86'}","{'forward': '1.47', None: '-2.78', 'right': '0.74', 'left': '0.86'}"
5,False,"('forward', 'green', 'left')",forward,2.3931447006730764,"{'forward': '1.06', None: '0.00', 'right': '0.00', 'left': '0.44'}","{'forward': '1.73', None: '0.00', 'right': '0.00', 'left': '0.44'}"
5,False,"('left', 'red', None)",right,1.6358336613977338,"{'forward': '-4.69', None: '1.17', 'right': '0.15', 'left': '-20.20'}","{'forward': '-4.69', None: '1.17', 'right': '0.89', 'left': '-20.20'}"
5,False,"('right', 'green', None)",forward,1.2939697643889398,"{'forward': '0.00', None: '-2.85', 'right': '0.95', 'left': '0.55'}","{'forward': '0.65', None: '-2.85', 'right': '0.95', 'left': '0.55'}"
5,False,"('forward', 'red', 'forward')",right,1.3113337079843714,"{'forward': '-4.60', None: '1.91', 'right': '0.91', 'left': '-7.81'}","{'forward': '-4.60', None: '1.91', 'right': '1.11', 'left': '-7.81'}"
5,False,"('left', 'red', 'right')",forward,-9.923470256570752,"{'forward': '0.00', None: '0.00', 'right': '0.00', 'left': '0.00'}","{'forward': '-4.96', None: '0.00', 'right': '0.00', 'left': '0.00'}"
5,False,"('left', 'red', 'forward')",forward,-10.546419571670338,"{'forward': '0.00', None: '1.44', 'right': '0.00', 'left': '-25.62'}","{'forward': '-5.27', None: '1.44', 'right': '0.00', 'left': '-25.62'}"
5,False,"('left', 'red', 'forward')",left,-40.27195898703611,"{'forward': '-5.27', None: '1.44', 'right': '0.00', 'left': '-25.62'}","{'forward': '-5.27', None: '1.44', 'right': '0.00', 'left': '-32.95'}"
5,False,"('left', 'green', 'forward')",left,-20.48894906818706,"{'forward': '0.24', None: '0.00', 'right': '-0.20', 'left': '0.00'}","{'forward': '0.24', None: '0.00', 'right': '-0.20', 'left': '-10.24'}"
5,False,"('left', 'green', 'left')",right,0.5967231997251919,"{'forward': '1.04', None: '0.00', 'right': '0.00', 'left': '0.00'}","{'forward': '1.04', None: '0.00', 'right': '0.30', 'left': '0.00'}"
5,False,"('right', 'red', 'left')",right,2.3060440645830638,"{'forward': '0.00', None: '1.11', 'right': '1.72', 'left': '0.00'}","{'forward': '0.00', None: '1.11', 'right': '2.01', 'left': '0.00'}"
5,False,"('left', 'red', None)",right,0.6257309835723694,"{'forward': '-4.69', None: '1.17', 'right': '0.89', 'left': '-20.20'}","{'forward': '-4.69', None: '1.17', 'right': '0.76', 'left': '-20.20'}"
5,False,"('forward', 'red', 'forward')",right,0.22744875917429253,"{'forward': '-4.60', None: '1.91', 'right': '1.11', 'left': '-7.81'}","{'forward': '-4.60', None: '1.91', 'right': '0.67', 'left': '-7.81'}"
5,False,"('left', 'red', None)",left,-10.788748618908059,"{'forward': '-4.69', None: '1.17', 'right': '0.76', 'left': '-20.20'}","{'forward': '-4.69', None: '1.17', 'right': '0.76', 'left': '-15.50'}"
5,False,"('left', 'green', None)",forward,-0.20018650822070427,"{'forward': '0.81', None: '-4.57', 'right': '0.00', 'left': '1.51'}","{'forward': '0.30', None: '-4.57', 'right': '0.00', 'left': '1.51'}"
6,False,"('forward', 'red', None)",right,0.37039601463690963,"{'forward': '-9.02', None: '1.79', 'right': '0.00', 'left': '-16.03'}","{'forward': '-9.02', None: '1.79', 'right': '0.19', 'left': '-16.03'}"
6,False,"('left', 'red', None)",forward,-10.387232001113333,"{'forward': '-4.69', None: '1.17', 'right': '0.76', 'left': '-15.50'}","{'forward': '-7.54', None: '1.17', 'right': '0.76', 'left': '-15.50'}"
6,False,"('left', 'red', None)",left,-10.095507902884602,"{'forward': '-7.54', None: '1.17', 'right': '0.76', 'left': '-15.50'}","{'forward': '-7.54', None: '1.17', 'right': '0.76', 'left': '-12.80'}"
6,False,"('left', 'red', None)",left,-9.412644976799372,"{'forward': '-7.54', None: '1.17', 'right': '0.76', 'left': '-12.80'}","{'forward': '-7.54', None: '1.17', 'right': '0.76', 'left': '-11.10'}"
6,False,"('left', 'red', None)",forward,-10.07933872363307,"{'forward': '-7.54', None: '1.17', 'right': '0.76', 'left': '-11.10'}","{'forward': '-8.81', None: '1.17', 'right': '0.76', 'left': '-11.10'}"
6,False,"('left', 'green', None)",right,1.2683652189048504,"{'forward': '0.30', None: '-4.57', 'right': '0.00', 'left': '1.51'}","{'forward': '0.30', None: '-4.57', 'right': '0.63', 'left': '1.51'}"
6,False,"('forward', 'red', 'forward')",,1.6020294088950915,"{'forward': '-4.60', None: '1.91', 'right': '0.67', 'left': '-7.81'}","{'forward': '-4.60', None: '1.76', 'right': '0.67', 'left': '-7.81'}"
6,False,"('forward', 'green', 'forward')",left,-20.184797694279013,"{'forward': '0.00', None: '-2.90', 'right': '0.00', 'left': '-10.43'}","{'forward': '0.00', None: '-2.90', 'right': '0.00', 'left': '-15.31'}"
6,False,"('forward', 'green', None)",right,1.3360940481431673,"{'forward': '1.47', None: '-2.78', 'right': '0.74', 'left': '0.86'}","{'forward': '1.47', None: '-2.78', 'right': '1.04', 'left': '0.86'}"
6,False,"('left', 'green', None)",right,1.3422251055829664,"{'forward': '0.30', None: '-4.57', 'right': '0.63', 'left': '1.51'}","{'forward': '0.30', None: '-4.57', 'right': '0.99', 'left': '1.51'}"
6,False,"('forward', 'green', 'left')",,0.2793357127939219,"{'forward': '1.73', None: '0.00', 'right': '0.00', 'left': '0.44'}","{'forward': '1.73', None: '0.14', 'right': '0.00', 'left': '0.44'}"
6,False,"('forward', 'green', None)",right,0.8318771873746335,"{'forward': '1.47', None: '-2.78', 'right': '1.04', 'left': '0.86'}","{'forward': '1.47', None: '-2.78', 'right': '0.94', 'left': '0.86'}"
6,False,"('left', 'red', 'forward')",right,0.12449805948036352,"{'forward': '-5.27', None: '1.44', 'right': '0.00', 'left': '-32.95'}","{'forward': '-5.27', None: '1.44', 'right': '0.06', 'left': '-32.95'}"
6,False,"('forward', 'red', None)",,1.6033051371212765,"{'forward': '-9.02', None: '1.79', 'right': '0.19', 'left': '-16.03'}","{'forward': '-9.02', None: '1.70', 'right': '0.19', 'left': '-16.03'}"
6,False,"('forward', 'red', None)",,2.5694651643284603,"{'forward': '-9.02', None: '1.70', 'right': '0.19', 'left': '-16.03'}","{'forward': '-9.02', None: '2.13', 'right': '0.19', 'left': '-16.03'}"
6,False,"('forward', 'green', None)",,-4.8202093454672665,"{'forward': '1.47', None: '-2.78', 'right': '0.94', 'left': '0.86'}","{'forward': '1.47', None: '-3.80', 'right': '0.94', 'left': '0.86'}"
6,False,"('forward', 'green', None)",,-5.0533588590427545,"{'forward': '1.47', None: '-3.80', 'right': '0.94', 'left': '0.86'}","{'forward': '1.47', None: '-4.43', 'right': '0.94', 'left': '0.86'}"
6,False,"('forward', 'red', 'left')",,1.880744648352174,"{'forward': '-5.49', None: '0.58', 'right': '0.00', 'left': '-7.32'}","{'forward': '-5.49', None: '1.23', 'right': '0.00', 'left': '-7.32'}"
6,False,"('forward', 'red', 'left')",forward,-40.76688122484601,"{'forward': '-5.49', None: '1.23', 'right': '0.00', 'left': '-7.32'}","{'forward': '-23.13', None: '1.23', 'right': '0.00', 'left': '-7.32'}"
6,False,"('forward', 'green', 'left')",forward,1.5133491423574492,"{'forward': '1.73', None: '0.14', 'right': '0.00', 'left': '0.44'}","{'forward': '1.62', None: '0.14', 'right': '0.00', 'left': '0.44'}"
6,False,"('forward', 'green', None)",forward,0.45088290991282776,"{'forward': '1.47', None: '-4.43', 'right': '0.94', 'left': '0.86'}","{'forward': '0.96', None: '-4.43', 'right': '0.94', 'left': '0.86'}"
6,False,"('forward', 'green', None)",,-5.650560339569626,"{'forward': '0.96', None: '-4.43', 'right': '0.94', 'left': '0.86'}","{'forward': '0.96', None: '-5.04', 'right': '0.94', 'left': '0.86'}"
6,False,"('forward', 'green', None)",forward,1.9451694006267344,"{'forward': '0.96', None: '-5.04', 'right': '0.94', 'left': '0.86'}","{'forward': '1.45', None: '-5.04', 'right': '0.94', 'left': '0.86'}"
6,False,"('forward', 'red', 'forward')",forward,-39.552298545936544,"{'forward': '-4.60', None: '1.76', 'right': '0.67', 'left': '-7.81'}","{'forward': '-22.08', None: '1.76', 'right': '0.67', 'left': '-7.81'}"
6,False,"('forward', 'red', 'forward')",,0.3359674663259551,"{'forward': '-22.08', None: '1.76', 'right': '0.67', 'left': '-7.81'}","{'forward': '-22.08', None: '1.05', 'right': '0.67', 'left': '-7.81'}"
7,False,"('left', 'red', None)",forward,-10.917522827847655,"{'forward': '-8.81', None: '1.17', 'right': '0.76', 'left': '-11.10'}","{'forward': '-9.86', None: '1.17', 'right': '0.76', 'left': '-11.10'}"
7,False,"('left', 'red', None)",,2.869631702721219,"{'forward': '-9.86', None: '1.17', 'right': '0.76', 'left': '-11.10'}","{'forward': '-9.86', None: '2.02', 'right': '0.76', 'left': '-11.10'}"
7,False,"('left', 'red', None)",,1.5169309630436194,"{'forward': '-9.86', None: '2.02', 'right': '0.76', 'left': '-11.10'}","{'forward': '-9.86', None: '1.77', 'right': '0.76', 'left': '-11.10'}"
7,False,"('left', 'red', None)",,1.8967282326608406,"{'forward': '-9.86', None: '1.77', 'right': '0.76', 'left': '-11.10'}","{'forward': '-9.86', None: '1.83', 'right': '0.76', 'left': '-11.10'}"
7,False,"('left', 'green', None)",left,0.9978414610624218,"{'forward': '0.30', None: '-4.57', 'right': '0.99', 'left': '1.51'}","{'forward': '0.30', None: '-4.57', 'right': '0.99', 'left': '1.25'}"
7,False,"('forward', 'red', None)",forward,-9.963510146756517,"{'forward': '-9.02', None: '2.13', 'right': '0.19', 'left': '-16.03'}","{'forward': '-9.49', None: '2.13', 'right': '0.19', 'left': '-16.03'}"
7,False,"('forward', 'red', 'right')",forward,-10.519493643332893,"{'forward': '0.00', None: '0.00', 'right': '0.00', 'left': '-30.19'}","{'forward': '-5.26', None: '0.00', 'right': '0.00', 'left': '-30.19'}"
7,False,"('forward', 'green', None)",,-5.616436772441264,"{'forward': '1.45', None: '-5.04', 'right': '0.94', 'left': '0.86'}","{'forward': '1.45', None: '-5.33', 'right': '0.94', 'left': '0.86'}"
7,False,"('forward', 'green', None)",right,0.5452240999282586,"{'forward': '1.45', None: '-5.33', 'right': '0.94', 'left': '0.86'}","{'forward': '1.45', None: '-5.33', 'right': '0.74', 'left': '0.86'}"
7,False,"('left', 'red', None)",,1.2269906863969375,"{'forward': '-9.86', None: '1.83', 'right': '0.76', 'left': '-11.10'}","{'forward': '-9.86', None: '1.53', 'right': '0.76', 'left': '-11.10'}"
7,False,"('left', 'red', None)",left,-9.154345439490541,"{'forward': '-9.86', None: '1.53', 'right': '0.76', 'left': '-11.10'}","{'forward': '-9.86', None: '1.53', 'right': '0.76', 'left': '-10.13'}"
7,False,"('left', 'red', None)",forward,-9.589315538491977,"{'forward': '-9.86', None: '1.53', 'right': '0.76', 'left': '-10.13'}","{'forward': '-9.73', None: '1.53', 'right': '0.76', 'left': '-10.13'}"
7,False,"('left', 'red', None)",forward,-10.689602143491074,"{'forward': '-9.73', None: '1.53', 'right': '0.76', 'left': '-10.13'}","{'forward': '-10.21', None: '1.53', 'right': '0.76', 'left': '-10.13'}"
7,False,"('left', 'green', None)",right,1.2600863899020402,"{'forward': '0.30', None: '-4.57', 'right': '0.99', 'left': '1.25'}","{'forward': '0.30', None: '-4.57', 'right': '1.12', 'left': '1.25'}"
7,False,"('right', 'green', None)",right,1.7314671400387769,"{'forward': '0.65', None: '-2.85', 'right': '0.95', 'left': '0.55'}","{'forward': '0.65', None: '-2.85', 'right': '1.34', 'left': '0.55'}"
7,False,"('right', 'red', 'left')",forward,-10.32989544259067,"{'forward': '0.00', None: '1.11', 'right': '2.01', 'left': '0.00'}","{'forward': '-5.16', None: '1.11', 'right': '2.01', 'left': '0.00'}"
7,False,"('right', 'green', 'left')",right,1.2831900842207244,"{'forward': '0.72', None: '0.21', 'right': '0.00', 'left': '0.00'}","{'forward': '0.72', None: '0.21', 'right': '0.64', 'left': '0.00'}"
7,False,"('forward', 'red', None)",forward,-10.008638843232378,"{'forward': '-9.49', None: '2.13', 'right': '0.19', 'left': '-16.03'}","{'forward': '-9.75', None: '2.13', 'right': '0.19', 'left': '-16.03'}"
7,False,"('forward', 'red', 'forward')",,1.7282872462281973,"{'forward': '-22.08', None: '1.05', 'right': '0.67', 'left': '-7.81'}","{'forward': '-22.08', None: '1.39', 'right': '0.67', 'left': '-7.81'}"
7,False,"('forward', 'green', 'left')",forward,0.9716725391679473,"{'forward': '1.62', None: '0.14', 'right': '0.00', 'left': '0.44'}","{'forward': '1.30', None: '0.14', 'right': '0.00', 'left': '0.44'}"
8,False,"('forward', 'red', 'left')",left,-39.665001864076714,"{'forward': '-23.13', None: '1.23', 'right': '0.00', 'left': '-7.32'}","{'forward': '-23.13', None: '1.23', 'right': '0.00', 'left': '-23.49'}"
8,False,"('forward', 'red', 'left')",forward,-10.217886812523215,"{'forward': '-23.13', None: '1.23', 'right': '0.00', 'left': '-23.49'}","{'forward': '-16.67', None: '1.23', 'right': '0.00', 'left': '-23.49'}"
8,False,"('forward', 'red', 'left')",,2.053073922658229,"{'forward': '-16.67', None: '1.23', 'right': '0.00', 'left': '-23.49'}","{'forward': '-16.67', None: '1.64', 'right': '0.00', 'left': '-23.49'}"
8,False,"('forward', 'red', 'left')",forward,-9.592493246242885,"{'forward': '-16.67', None: '1.64', 'right': '0.00', 'left': '-23.49'}","{'forward': '-13.13', None: '1.64', 'right': '0.00', 'left': '-23.49'}"
8,False,"('forward', 'red', 'left')",right,0.8682105886743076,"{'forward': '-13.13', None: '1.64', 'right': '0.00', 'left': '-23.49'}","{'forward': '-13.13', None: '1.64', 'right': '0.43', 'left': '-23.49'}"
8,False,"('left', 'red', 'left')",forward,-40.382635291984215,"{'forward': '0.00', None: '0.76', 'right': '-0.11', 'left': '0.00'}","{'forward': '-20.19', None: '0.76', 'right': '-0.11', 'left': '0.00'}"
8,False,"('left', 'red', 'left')",right,1.871399309099119,"{'forward': '-20.19', None: '0.76', 'right': '-0.11', 'left': '0.00'}","{'forward': '-20.19', None: '0.76', 'right': '0.88', 'left': '0.00'}"
8,False,"('forward', 'green', 'left')",,1.1818392614166422,"{'forward': '1.30', None: '0.14', 'right': '0.00', 'left': '0.44'}","{'forward': '1.30', None: '0.66', 'right': '0.00', 'left': '0.44'}"
8,False,"('forward', 'green', 'left')",,0.2684495953906484,"{'forward': '1.30', None: '0.66', 'right': '0.00', 'left': '0.44'}","{'forward': '1.30', None: '0.46', 'right': '0.00', 'left': '0.44'}"
8,False,"('forward', 'green', 'left')",forward,1.5078488861341994,"{'forward': '1.30', None: '0.46', 'right': '0.00', 'left': '0.44'}","{'forward': '1.40', None: '0.46', 'right': '0.00', 'left': '0.44'}"
8,False,"('forward', 'red', None)",left,-9.303606365823423,"{'forward': '-9.75', None: '2.13', 'right': '0.19', 'left': '-16.03'}","{'forward': '-9.75', None: '2.13', 'right': '0.19', 'left': '-12.67'}"
8,False,"('forward', 'green', None)",,-4.690775656694214,"{'forward': '1.45', None: '-5.33', 'right': '0.74', 'left': '0.86'}","{'forward': '1.45', None: '-5.01', 'right': '0.74', 'left': '0.86'}"
8,False,"('forward', 'green', 'right')",left,-19.65540053630504,"{'forward': '1.43', None: '0.00', 'right': '0.00', 'left': '0.00'}","{'forward': '1.43', None: '0.00', 'right': '0.00', 'left': '-9.83'}"
8,False,"('forward', 'green', None)",left,1.7004555398383856,"{'forward': '1.45', None: '-5.01', 'right': '0.74', 'left': '0.86'}","{'forward': '1.45', None: '-5.01', 'right': '0.74', 'left': '1.28'}"
8,False,"('right', 'green', None)",left,-0.18625339734287416,"{'forward': '0.65', None: '-2.85', 'right': '1.34', 'left': '0.55'}","{'forward': '0.65', None: '-2.85', 'right': '1.34', 'left': '0.18'}"
8,False,"('right', 'red', 'forward')",left,-10.540478600002002,"{'forward': '0.00', None: '0.00', 'right': '0.00', 'left': '0.00'}","{'forward': '0.00', None: '0.00', 'right': '0.00', 'left': '-5.27'}"
8,False,"('right', 'red', 'forward')",forward,-9.4523737714313,"{'forward': '0.00', None: '0.00', 'right': '0.00', 'left': '-5.27'}","{'forward': '-4.73', None: '0.00', 'right': '0.00', 'left': '-5.27'}"
8,False,"('right', 'green', 'forward')",left,-19.415141071214062,"{'forward': '0.52', None: '-2.94', 'right': '0.00', 'left': '0.00'}","{'forward': '0.52', None: '-2.94', 'right': '0.00', 'left': '-9.71'}"
8,False,"('right', 'green', None)",right,2.1387389123774536,"{'forward': '0.65', None: '-2.85', 'right': '1.34', 'left': '0.18'}","{'forward': '0.65', None: '-2.85', 'right': '1.74', 'left': '0.18'}"
8,False,"('right', 'green', 'left')",right,2.3800710492862724,"{'forward': '0.72', None: '0.21', 'right': '0.64', 'left': '0.00'}","{'forward': '0.72', None: '0.21', 'right': '1.51', 'left': '0.00'}"
8,False,"('forward', 'red', 'left')",right,1.3741685626173954,"{'forward': '-13.13', None: '1.64', 'right': '0.43', 'left': '-23.49'}","{'forward': '-13.13', None: '1.64', 'right': '0.90', 'left': '-23.49'}"
8,False,"('left', 'green', 'left')",right,0.01775441523484822,"{'forward': '1.04', None: '0.00', 'right': '0.30', 'left': '0.00'}","{'forward': '1.04', None: '0.00', 'right': '0.16', 'left': '0.00'}"
8,False,"('right', 'green', 'forward')",left,-19.768570875351795,"{'forward': '0.52', None: '-2.94', 'right': '0.00', 'left': '-9.71'}","{'forward': '0.52', None: '-2.94', 'right': '0.00', 'left': '-14.74'}"
8,False,"('right', 'red', None)",forward,-10.598288812165343,"{'forward': '-9.50', None: '1.43', 'right': '0.87', 'left': '-17.57'}","{'forward': '-10.05', None: '1.43', 'right': '0.87', 'left': '-17.57'}"
8,False,"('right', 'red', None)",right,2.1165208618265514,"{'forward': '-10.05', None: '1.43', 'right': '0.87', 'left': '-17.57'}","{'forward': '-10.05', None: '1.43', 'right': '1.49', 'left': '-17.57'}"
8,False,"('right', 'red', None)",left,-40.56651496316121,"{'forward': '-10.05', None: '1.43', 'right': '1.49', 'left': '-17.57'}","{'forward': '-10.05', None: '1.43', 'right': '1.49', 'left': '-29.07'}"
8,False,"('right', 'red', None)",,1.0188502945478597,"{'forward': '-10.05', None: '1.43', 'right': '1.49', 'left': '-29.07'}","{'forward': '-10.05', None: '1.22', 'right': '1.49', 'left': '-29.07'}"
8,False,"('right', 'green', None)",,-4.820005661852106,"{'forward': '0.65', None: '-2.85', 'right': '1.74', 'left': '0.18'}","{'forward': '0.65', None: '-3.83', 'right': '1.74', 'left': '0.18'}"
8,False,"('right', 'green', None)",left,-0.07935250319536802,"{'forward': '0.65', None: '-3.83', 'right': '1.74', 'left': '0.18'}","{'forward': '0.65', None: '-3.83', 'right': '1.74', 'left': '0.05'}"
8,False,"('forward', 'red', None)",left,-9.63476649223875,"{'forward': '-9.75', None: '2.13', 'right': '0.19', 'left': '-12.67'}","{'forward': '-9.75', None: '2.13', 'right': '0.19', 'left': '-11.15'}"
9,False,"('left', 'green', 'forward')",left,-20.416859442531408,"{'forward': '0.24', None: '0.00', 'right': '-0.20', 'left': '-10.24'}","{'forward': '0.24', None: '0.00', 'right': '-0.20', 'left': '-15.33'}"
9,False,"('left', 'green', 'left')",forward,1.3854856357871812,"{'forward': '1.04', None: '0.00', 'right': '0.16', 'left': '0.00'}","{'forward': '1.21', None: '0.00', 'right': '0.16', 'left': '0.00'}"
9,False,"('forward', 'green', None)",,-5.053001404376802,"{'forward': '1.45', None: '-5.01', 'right': '0.74', 'left': '1.28'}","{'forward': '1.45', None: '-5.03', 'right': '0.74', 'left': '1.28'}"
9,False,"('forward', 'red', None)",right,1.5439579647362145,"{'forward': '-9.75', None: '2.13', 'right': '0.19', 'left': '-11.15'}","{'forward': '-9.75', None: '2.13', 'right': '0.86', 'left': '-11.15'}"
9,False,"('left', 'green', None)",,-5.048853673442457,"{'forward': '0.30', None: '-4.57', 'right': '1.12', 'left': '1.25'}","{'forward': '0.30', None: '-4.81', 'right': '1.12', 'left': '1.25'}"
9,False,"('left', 'green', None)",right,1.9079080694950878,"{'forward': '0.30', None: '-4.81', 'right': '1.12', 'left': '1.25'}","{'forward': '0.30', None: '-4.81', 'right': '1.52', 'left': '1.25'}"
9,False,"('forward', 'green', None)",forward,1.3127640653187105,"{'forward': '1.45', None: '-5.03', 'right': '0.74', 'left': '1.28'}","{'forward': '1.38', None: '-5.03', 'right': '0.74', 'left': '1.28'}"
9,False,"('forward', 'red', None)",forward,-9.704815224912155,"{'forward': '-9.75', None: '2.13', 'right': '0.86', 'left': '-11.15'}","{'forward': '-9.73', None: '2.13', 'right': '0.86', 'left': '-11.15'}"
9,False,"('forward', 'red', None)",forward,-39.43823756124564,"{'forward': '-9.73', None: '2.13', 'right': '0.86', 'left': '-11.15'}","{'forward': '-24.58', None: '2.13', 'right': '0.86', 'left': '-11.15'}"
9,False,"('forward', 'red', None)",,1.4995650384516532,"{'forward': '-24.58', None: '2.13', 'right': '0.86', 'left': '-11.15'}","{'forward': '-24.58', None: '1.82', 'right': '0.86', 'left': '-11.15'}"
9,False,"('forward', 'red', None)",,2.405687701584357,"{'forward': '-24.58', None: '1.82', 'right': '0.86', 'left': '-11.15'}","{'forward': '-24.58', None: '2.11', 'right': '0.86', 'left': '-11.15'}"
9,False,"('forward', 'green', None)",forward,1.5234549966407458,"{'forward': '1.38', None: '-5.03', 'right': '0.74', 'left': '1.28'}","{'forward': '1.45', None: '-5.03', 'right': '0.74', 'left': '1.28'}"
9,False,"('forward', 'green', None)",left,0.1616919331197575,"{'forward': '1.45', None: '-5.03', 'right': '0.74', 'left': '1.28'}","{'forward': '1.45', None: '-5.03', 'right': '0.74', 'left': '0.72'}"
9,False,"('right', 'green', None)",left,1.3983772098865757,"{'forward': '0.65', None: '-3.83', 'right': '1.74', 'left': '0.05'}","{'forward': '0.65', None: '-3.83', 'right': '1.74', 'left': '0.73'}"
9,False,"('right', 'red', None)",,0.7170824132037741,"{'forward': '-10.05', None: '1.22', 'right': '1.49', 'left': '-29.07'}","{'forward': '-10.05', None: '0.97', 'right': '1.49', 'left': '-29.07'}"
9,False,"('right', 'red', None)",forward,-9.157442943706124,"{'forward': '-10.05', None: '0.97', 'right': '1.49', 'left': '-29.07'}","{'forward': '-9.60', None: '0.97', 'right': '1.49', 'left': '-29.07'}"
9,False,"('right', 'green', None)",forward,0.3467609031850435,"{'forward': '0.65', None: '-3.83', 'right': '1.74', 'left': '0.73'}","{'forward': '0.50', None: '-3.83', 'right': '1.74', 'left': '0.73'}"
9,False,"('right', 'green', None)",right,2.3596509394160856,"{'forward': '0.50', None: '-3.83', 'right': '1.74', 'left': '0.73'}","{'forward': '0.50', None: '-3.83', 'right': '2.05', 'left': '0.73'}"
9,False,"('right', 'green', None)",,-5.582660201275892,"{'forward': '0.50', None: '-3.83', 'right': '2.05', 'left': '0.73'}","{'forward': '0.50', None: '-4.71', 'right': '2.05', 'left': '0.73'}"
9,False,"('right', 'green', 'left')",left,0.4739990174512926,"{'forward': '0.72', None: '0.21', 'right': '1.51', 'left': '0.00'}","{'forward': '0.72', None: '0.21', 'right': '1.51', 'left': '0.24'}"
9,False,"('forward', 'green', None)",,-4.666449971811012,"{'forward': '1.45', None: '-5.03', 'right': '0.74', 'left': '0.72'}","{'forward': '1.45', None: '-4.85', 'right': '0.74', 'left': '0.72'}"
9,False,"('forward', 'red', None)",right,-0.24250090195404228,"{'forward': '-24.58', None: '2.11', 'right': '0.86', 'left': '-11.15'}","{'forward': '-24.58', None: '2.11', 'right': '0.31', 'left': '-11.15'}"
9,False,"('left', 'green', 'left')",,-0.10096365175040933,"{'forward': '1.21', None: '0.00', 'right': '0.16', 'left': '0.00'}","{'forward': '1.21', None: '-0.05', 'right': '0.16', 'left': '0.00'}"
9,False,"('left', 'green', 'left')",forward,0.3135937180799724,"{'forward': '1.21', None: '-0.05', 'right': '0.16', 'left': '0.00'}","{'forward': '0.76', None: '-0.05', 'right': '0.16', 'left': '0.00'}"
9,False,"('left', 'green', None)",right,0.21961416204976403,"{'forward': '0.30', None: '-4.81', 'right': '1.52', 'left': '1.25'}","{'forward': '0.30', None: '-4.81', 'right': '0.87', 'left': '1.25'}"
10,False,"('left', 'red', None)",right,-19.93776639782745,"{'forward': '-10.21', None: '1.53', 'right': '0.76', 'left': '-10.13'}","{'forward': '-10.21', None: '1.53', 'right': '-9.59', 'left': '-10.13'}"
10,False,"('left', 'red', None)",right,-20.62889524683322,"{'forward': '-10.21', None: '1.53', 'right': '-9.59', 'left': '-10.13'}","{'forward': '-10.21', None: '1.53', 'right': '-15.11', 'left': '-10.13'}"
10,False,"('left', 'red', None)",left,-39.526004406341926,"{'forward': '-10.21', None: '1.53', 'right': '-15.11', 'left': '-10.13'}","{'forward': '-10.21', None: '1.53', 'right': '-15.11', 'left': '-24.83'}"
10,False,"('left', 'red', None)",,2.0759302113478806,"{'forward': '-10.21', None: '1.53', 'right': '-15.11', 'left': '-24.83'}","{'forward': '-10.21', None: '1.80', 'right': '-15.11', 'left': '-24.83'}"
10,False,"('left', 'red', None)",,2.872505391781665,"{'forward': '-10.21', None: '1.80', 'right': '-15.11', 'left': '-24.83'}","{'forward': '-10.21', None: '2.34', 'right': '-15.11', 'left': '-24.83'}"
10,False,"('left', 'green', 'left')",,0.5405315273916187,"{'forward': '0.76', None: '-0.05', 'right': '0.16', 'left': '0.00'}","{'forward': '0.76', None: '0.25', 'right': '0.16', 'left': '0.00'}"
10,False,"('left', 'green', None)",forward,0.9241144552664131,"{'forward': '0.30', None: '-4.81', 'right': '0.87', 'left': '1.25'}","{'forward': '0.61', None: '-4.81', 'right': '0.87', 'left': '1.25'}"
10,False,"('left', 'green', None)",,-5.375302198029601,"{'forward': '0.61', None: '-4.81', 'right': '0.87', 'left': '1.25'}","{'forward': '0.61', None: '-5.09', 'right': '0.87', 'left': '1.25'}"
10,False,"('left', 'green', None)",left,2.6722582373152717,"{'forward': '0.61', None: '-5.09', 'right': '0.87', 'left': '1.25'}","{'forward': '0.61', None: '-5.09', 'right': '0.87', 'left': '1.96'}"
10,False,"('left', 'red', None)",right,1.7877446386284581,"{'forward': '-10.21', None: '2.34', 'right': '-15.11', 'left': '-24.83'}","{'forward': '-10.21', None: '2.34', 'right': '-6.66', 'left': '-24.83'}"
10,False,"('forward', 'green', None)",,-4.185369967422901,"{'forward': '1.45', None: '-4.85', 'right': '0.74', 'left': '0.72'}","{'forward': '1.45', None: '-4.52', 'right': '0.74', 'left': '0.72'}"
10,False,"('forward', 'red', None)",right,-20.85316701924373,"{'forward': '-24.58', None: '2.11', 'right': '0.31', 'left': '-11.15'}","{'forward': '-24.58', None: '2.11', 'right': '-10.27', 'left': '-11.15'}"
10,False,"('forward', 'red', None)",,2.1793906309036264,"{'forward': '-24.58', None: '2.11', 'right': '-10.27', 'left': '-11.15'}","{'forward': '-24.58', None: '2.15', 'right': '-10.27', 'left': '-11.15'}"
10,False,"('forward', 'red', None)",left,-10.744800694225553,"{'forward': '-24.58', None: '2.15', 'right': '-10.27', 'left': '-11.15'}","{'forward': '-24.58', None: '2.15', 'right': '-10.27', 'left': '-10.95'}"
10,False,"('forward', 'red', None)",right,0.961780469648802,"{'forward': '-24.58', None: '2.15', 'right': '-10.27', 'left': '-10.95'}","{'forward': '-24.58', None: '2.15', 'right': '-4.65', 'left': '-10.95'}"
10,False,"('left', 'green', None)",right,0.14061765479254196,"{'forward': '0.61', None: '-5.09', 'right': '0.87', 'left': '1.96'}","{'forward': '0.61', None: '-5.09', 'right': '0.50', 'left': '1.96'}"
10,False,"('forward', 'red', 'forward')",right,1.0838827288399921,"{'forward': '-22.08', None: '1.39', 'right': '0.67', 'left': '-7.81'}","{'forward': '-22.08', None: '1.39', 'right': '0.88', 'left': '-7.81'}"
10,False,"('left', 'red', 'forward')",right,1.2026283479614217,"{'forward': '-5.27', None: '1.44', 'right': '0.06', 'left': '-32.95'}","{'forward': '-5.27', None: '1.44', 'right': '0.63', 'left': '-32.95'}"
10,False,"('forward', 'green', None)",left,0.9650143410690972,"{'forward': '1.45', None: '-4.52', 'right': '0.74', 'left': '0.72'}","{'forward': '1.45', None: '-4.52', 'right': '0.74', 'left': '0.84'}"
10,False,"('right', 'green', None)",left,-0.08085579286708067,"{'forward': '0.50', None: '-4.71', 'right': '2.05', 'left': '0.73'}","{'forward': '0.50', None: '-4.71', 'right': '2.05', 'left': '0.32'}"
11,False,"('left', 'red', 'left')",right,-20.30866235597194,"{'forward': '-20.19', None: '0.76', 'right': '0.88', 'left': '0.00'}","{'forward': '-20.19', None: '0.76', 'right': '-9.71', 'left': '0.00'}"
11,False,"('left', 'red', 'left')",right,1.197823365807376,"{'forward': '-20.19', None: '0.76', 'right': '-9.71', 'left': '0.00'}","{'forward': '-20.19', None: '0.76', 'right': '-4.26', 'left': '0.00'}"
11,False,"('right', 'red', None)",forward,-9.518006752430196,"{'forward': '-9.60', None: '0.97', 'right': '1.49', 'left': '-29.07'}","{'forward': '-9.56', None: '0.97', 'right': '1.49', 'left': '-29.07'}"
11,False,"('right', 'red', None)",forward,-10.397277360173122,"{'forward': '-9.56', None: '0.97', 'right': '1.49', 'left': '-29.07'}","{'forward': '-9.98', None: '0.97', 'right': '1.49', 'left': '-29.07'}"
11,False,"('right', 'red', None)",right,2.844763212593243,"{'forward': '-9.98', None: '0.97', 'right': '1.49', 'left': '-29.07'}","{'forward': '-9.98', None: '0.97', 'right': '2.17', 'left': '-29.07'}"
11,False,"('forward', 'red', None)",right,-20.108514723666577,"{'forward': '-24.58', None: '2.15', 'right': '-4.65', 'left': '-10.95'}","{'forward': '-24.58', None: '2.15', 'right': '-12.38', 'left': '-10.95'}"
11,False,"('forward', 'red', 'left')",left,-9.06927480392925,"{'forward': '-13.13', None: '1.64', 'right': '0.90', 'left': '-23.49'}","{'forward': '-13.13', None: '1.64', 'right': '0.90', 'left': '-16.28'}"
11,False,"('forward', 'red', 'left')",left,-10.58453563744368,"{'forward': '-13.13', None: '1.64', 'right': '0.90', 'left': '-16.28'}","{'forward': '-13.13', None: '1.64', 'right': '0.90', 'left': '-13.43'}"
11,False,"('forward', 'red', 'left')",,0.8948135674767734,"{'forward': '-13.13', None: '1.64', 'right': '0.90', 'left': '-13.43'}","{'forward': '-13.13', None: '1.27', 'right': '0.90', 'left': '-13.43'}"
11,False,"('forward', 'green', 'left')",,0.49498606933759914,"{'forward': '1.40', None: '0.46', 'right': '0.00', 'left': '0.44'}","{'forward': '1.40', None: '0.48', 'right': '0.00', 'left': '0.44'}"
11,False,"('forward', 'green', 'left')",forward,0.8267642359499618,"{'forward': '1.40', None: '0.48', 'right': '0.00', 'left': '0.44'}","{'forward': '1.11', None: '0.48', 'right': '0.00', 'left': '0.44'}"
11,False,"('left', 'red', 'left')",left,-10.05821704523647,"{'forward': '-20.19', None: '0.76', 'right': '-4.26', 'left': '0.00'}","{'forward': '-20.19', None: '0.76', 'right': '-4.26', 'left': '-5.03'}"
11,False,"('left', 'red', 'left')",forward,-9.617258666294322,"{'forward': '-20.19', None: '0.76', 'right': '-4.26', 'left': '-5.03'}","{'forward': '-14.90', None: '0.76', 'right': '-4.26', 'left': '-5.03'}"
11,False,"('left', 'green', 'left')",left,1.1190722930108887,"{'forward': '0.76', None: '0.25', 'right': '0.16', 'left': '0.00'}","{'forward': '0.76', None: '0.25', 'right': '0.16', 'left': '0.56'}"
11,False,"('forward', 'green', 'left')",forward,1.7757566843429824,"{'forward': '1.11', None: '0.48', 'right': '0.00', 'left': '0.44'}","{'forward': '1.45', None: '0.48', 'right': '0.00', 'left': '0.44'}"
11,False,"('forward', 'green', None)",,-5.332586032012911,"{'forward': '1.45', None: '-4.52', 'right': '0.74', 'left': '0.84'}","{'forward': '1.45', None: '-4.92', 'right': '0.74', 'left': '0.84'}"
11,False,"('forward', 'red', None)",left,-10.607046972199038,"{'forward': '-24.58', None: '2.15', 'right': '-12.38', 'left': '-10.95'}","{'forward': '-24.58', None: '2.15', 'right': '-12.38', 'left': '-10.78'}"
11,False,"('forward', 'red', 'left')",forward,-10.117117820663703,"{'forward': '-13.13', None: '1.27', 'right': '0.90', 'left': '-13.43'}","{'forward': '-11.63', None: '1.27', 'right': '0.90', 'left': '-13.43'}"
11,False,"('forward', 'red', 'left')",right,0.7304974980887284,"{'forward': '-11.63', None: '1.27', 'right': '0.90', 'left': '-13.43'}","{'forward': '-11.63', None: '1.27', 'right': '0.82', 'left': '-13.43'}"
11,False,"('left', 'red', 'forward')",forward,-10.769315849572646,"{'forward': '-5.27', None: '1.44', 'right': '0.63', 'left': '-32.95'}","{'forward': '-8.02', None: '1.44', 'right': '0.63', 'left': '-32.95'}"
12,False,"('forward', 'red', 'left')",forward,-9.970493761334547,"{'forward': '-11.63', None: '1.27', 'right': '0.82', 'left': '-13.43'}","{'forward': '-10.80', None: '1.27', 'right': '0.82', 'left': '-13.43'}"
12,False,"('forward', 'red', 'left')",,1.3297138923499912,"{'forward': '-10.80', None: '1.27', 'right': '0.82', 'left': '-13.43'}","{'forward': '-10.80', None: '1.30', 'right': '0.82', 'left': '-13.43'}"
12,False,"('forward', 'red', 'left')",,1.7472194300651436,"{'forward': '-10.80', None: '1.30', 'right': '0.82', 'left': '-13.43'}","{'forward': '-10.80', None: '1.52', 'right': '0.82', 'left': '-13.43'}"
12,False,"('forward', 'red', 'left')",forward,-9.572886061415787,"{'forward': '-10.80', None: '1.52', 'right': '0.82', 'left': '-13.43'}","{'forward': '-10.19', None: '1.52', 'right': '0.82', 'left': '-13.43'}"
12,False,"('forward', 'red', 'left')",forward,-10.253924756025071,"{'forward': '-10.19', None: '1.52', 'right': '0.82', 'left': '-13.43'}","{'forward': '-10.22', None: '1.52', 'right': '0.82', 'left': '-13.43'}"
12,False,"('forward', 'green', 'left')",left,0.5982220453541716,"{'forward': '1.45', None: '0.48', 'right': '0.00', 'left': '0.44'}","{'forward': '1.45', None: '0.48', 'right': '0.00', 'left': '0.52'}"
12,False,"('right', 'red', None)",right,2.3805537854427676,"{'forward': '-9.98', None: '0.97', 'right': '2.17', 'left': '-29.07'}","{'forward': '-9.98', None: '0.97', 'right': '2.27', 'left': '-29.07'}"
12,False,"('forward', 'red', None)",,1.7677059555297692,"{'forward': '-24.58', None: '2.15', 'right': '-12.38', 'left': '-10.78'}","{'forward': '-24.58', None: '1.96', 'right': '-12.38', 'left': '-10.78'}"
12,False,"('forward', 'red', None)",forward,-9.290205378036777,"{'forward': '-24.58', None: '1.96', 'right': '-12.38', 'left': '-10.78'}","{'forward': '-16.94', None: '1.96', 'right': '-12.38', 'left': '-10.78'}"
12,False,"('forward', 'red', None)",forward,-9.371064391485225,"{'forward': '-16.94', None: '1.96', 'right': '-12.38', 'left': '-10.78'}","{'forward': '-13.15', None: '1.96', 'right': '-12.38', 'left': '-10.78'}"
12,False,"('forward', 'red', 'right')",forward,-9.45282795657982,"{'forward': '-5.26', None: '0.00', 'right': '0.00', 'left': '-30.19'}","{'forward': '-7.36', None: '0.00', 'right': '0.00', 'left': '-30.19'}"
12,False,"('forward', 'green', None)",,-4.949844123524451,"{'forward': '1.45', None: '-4.92', 'right': '0.74', 'left': '0.84'}","{'forward': '1.45', None: '-4.94', 'right': '0.74', 'left': '0.84'}"
12,False,"('forward', 'green', None)",right,1.116737658453613,"{'forward': '1.45', None: '-4.94', 'right': '0.74', 'left': '0.84'}","{'forward': '1.45', None: '-4.94', 'right': '0.93', 'left': '0.84'}"
12,False,"('left', 'green', 'forward')",,-4.3745795850101805,"{'forward': '0.24', None: '0.00', 'right': '-0.20', 'left': '-15.33'}","{'forward': '0.24', None: '-2.19', 'right': '-0.20', 'left': '-15.33'}"
12,False,"('left', 'green', None)",forward,-0.4403955915759886,"{'forward': '0.61', None: '-5.09', 'right': '0.50', 'left': '1.96'}","{'forward': '0.09', None: '-5.09', 'right': '0.50', 'left': '1.96'}"
12,False,"('left', 'red', None)",,0.7421345039206959,"{'forward': '-10.21', None: '2.34', 'right': '-6.66', 'left': '-24.83'}","{'forward': '-10.21', None: '1.54', 'right': '-6.66', 'left': '-24.83'}"
12,False,"('left', 'red', 'right')",left,-40.59845876767398,"{'forward': '-4.96', None: '0.00', 'right': '0.00', 'left': '0.00'}","{'forward': '-4.96', None: '0.00', 'right': '0.00', 'left': '-20.30'}"
12,False,"('left', 'green', None)",,-5.667459828679906,"{'forward': '0.09', None: '-5.09', 'right': '0.50', 'left': '1.96'}","{'forward': '0.09', None: '-5.38', 'right': '0.50', 'left': '1.96'}"
12,False,"('left', 'green', 'left')",,-0.04932710626426706,"{'forward': '0.76', None: '0.25', 'right': '0.16', 'left': '0.56'}","{'forward': '0.76', None: '0.10', 'right': '0.16', 'left': '0.56'}"
12,False,"('left', 'green', None)",right,-0.3191615687895514,"{'forward': '0.09', None: '-5.38', 'right': '0.50', 'left': '1.96'}","{'forward': '0.09', None: '-5.38', 'right': '0.09', 'left': '1.96'}"
13,False,"('left', 'red', None)",,2.50059076274073,"{'forward': '-10.21', None: '1.54', 'right': '-6.66', 'left': '-24.83'}","{'forward': '-10.21', None: '2.02', 'right': '-6.66', 'left': '-24.83'}"
13,False,"('left', 'red', None)",,1.3735985555475425,"{'forward': '-10.21', None: '2.02', 'right': '-6.66', 'left': '-24.83'}","{'forward': '-10.21', None: '1.70', 'right': '-6.66', 'left': '-24.83'}"
13,False,"('left', 'red', None)",forward,-9.831576287431885,"{'forward': '-10.21', None: '1.70', 'right': '-6.66', 'left': '-24.83'}","{'forward': '-10.02', None: '1.70', 'right': '-6.66', 'left': '-24.83'}"
13,False,"('left', 'red', 'right')",right,1.3267048549301013,"{'forward': '-4.96', None: '0.00', 'right': '0.00', 'left': '-20.30'}","{'forward': '-4.96', None: '0.00', 'right': '0.66', 'left': '-20.30'}"
13,False,"('left', 'red', 'forward')",,1.5258588451750021,"{'forward': '-8.02', None: '1.44', 'right': '0.63', 'left': '-32.95'}","{'forward': '-8.02', None: '1.49', 'right': '0.63', 'left': '-32.95'}"
13,False,"('left', 'red', 'forward')",left,-9.063856060095429,"{'forward': '-8.02', None: '1.49', 'right': '0.63', 'left': '-32.95'}","{'forward': '-8.02', None: '1.49', 'right': '0.63', 'left': '-21.00'}"
13,False,"('left', 'green', 'forward')",,-5.610797524239938,"{'forward': '0.24', None: '-2.19', 'right': '-0.20', 'left': '-15.33'}","{'forward': '0.24', None: '-3.90', 'right': '-0.20', 'left': '-15.33'}"
13,False,"('left', 'green', 'right')",forward,0.05046516296630177,"{'forward': '0.00', None: '-2.04', 'right': '0.00', 'left': '0.00'}","{'forward': '0.03', None: '-2.04', 'right': '0.00', 'left': '0.00'}"
13,False,"('left', 'red', 'right')",forward,-9.70822305341502,"{'forward': '-4.96', None: '0.00', 'right': '0.66', 'left': '-20.30'}","{'forward': '-7.33', None: '0.00', 'right': '0.66', 'left': '-20.30'}"
13,False,"('left', 'red', None)",,2.4863748111786546,"{'forward': '-10.02', None: '1.70', 'right': '-6.66', 'left': '-24.83'}","{'forward': '-10.02', None: '2.09', 'right': '-6.66', 'left': '-24.83'}"
13,False,"('left', 'green', None)",forward,1.718996676266356,"{'forward': '0.09', None: '-5.38', 'right': '0.09', 'left': '1.96'}","{'forward': '0.90', None: '-5.38', 'right': '0.09', 'left': '1.96'}"
13,False,"('forward', 'green', 'forward')",left,-19.208503849213027,"{'forward': '0.00', None: '-2.90', 'right': '0.00', 'left': '-15.31'}","{'forward': '0.00', None: '-2.90', 'right': '0.00', 'left': '-17.26'}"
13,False,"('forward', 'green', None)",,-4.696762818537737,"{'forward': '1.45', None: '-4.94', 'right': '0.93', 'left': '0.84'}","{'forward': '1.45', None: '-4.82', 'right': '0.93', 'left': '0.84'}"
13,False,"('forward', 'red', None)",forward,-9.023743027789768,"{'forward': '-13.15', None: '1.96', 'right': '-12.38', 'left': '-10.78'}","{'forward': '-11.09', None: '1.96', 'right': '-12.38', 'left': '-10.78'}"
13,False,"('forward', 'red', 'right')",,0.8808375651252485,"{'forward': '-7.36', None: '0.00', 'right': '0.00', 'left': '-30.19'}","{'forward': '-7.36', None: '0.44', 'right': '0.00', 'left': '-30.19'}"
13,False,"('forward', 'green', None)",forward,2.4785622852359035,"{'forward': '1.45', None: '-4.82', 'right': '0.93', 'left': '0.84'}","{'forward': '1.97', None: '-4.82', 'right': '0.93', 'left': '0.84'}"
13,False,"('forward', 'red', None)",,0.716278521141104,"{'forward': '-11.09', None: '1.96', 'right': '-12.38', 'left': '-10.78'}","{'forward': '-11.09', None: '1.34', 'right': '-12.38', 'left': '-10.78'}"
13,False,"('forward', 'green', None)",forward,0.5375539176627879,"{'forward': '1.97', None: '-4.82', 'right': '0.93', 'left': '0.84'}","{'forward': '1.25', None: '-4.82', 'right': '0.93', 'left': '0.84'}"
13,False,"('forward', 'red', 'forward')",right,-0.07200674501623272,"{'forward': '-22.08', None: '1.39', 'right': '0.88', 'left': '-7.81'}","{'forward': '-22.08', None: '1.39', 'right': '0.40', 'left': '-7.81'}"
13,False,"('left', 'red', 'left')",left,-39.47995294398339,"{'forward': '-14.90', None: '0.76', 'right': '-4.26', 'left': '-5.03'}","{'forward': '-14.90', None: '0.76', 'right': '-4.26', 'left': '-22.25'}"
14,False,"('right', 'red', 'left')",,1.1339150260639121,"{'forward': '-5.16', None: '1.11', 'right': '2.01', 'left': '0.00'}","{'forward': '-5.16', None: '1.12', 'right': '2.01', 'left': '0.00'}"
14,False,"('right', 'red', 'left')",forward,-10.649247721733012,"{'forward': '-5.16', None: '1.12', 'right': '2.01', 'left': '0.00'}","{'forward': '-7.91', None: '1.12', 'right': '2.01', 'left': '0.00'}"
14,False,"('right', 'red', 'left')",forward,-9.09398233625827,"{'forward': '-7.91', None: '1.12', 'right': '2.01', 'left': '0.00'}","{'forward': '-8.50', None: '1.12', 'right': '2.01', 'left': '0.00'}"
14,False,"('right', 'green', 'left')",forward,0.40812508501002254,"{'forward': '0.72', None: '0.21', 'right': '1.51', 'left': '0.24'}","{'forward': '0.56', None: '0.21', 'right': '1.51', 'left': '0.24'}"
14,False,"('right', 'red', None)",forward,-10.134354016161538,"{'forward': '-9.98', None: '0.97', 'right': '2.27', 'left': '-29.07'}","{'forward': '-10.06', None: '0.97', 'right': '2.27', 'left': '-29.07'}"
14,False,"('right', 'green', None)",forward,0.8425940592210888,"{'forward': '0.50', None: '-4.71', 'right': '2.05', 'left': '0.32'}","{'forward': '0.67', None: '-4.71', 'right': '2.05', 'left': '0.32'}"
14,False,"('right', 'green', None)",right,1.7499970474993867,"{'forward': '0.67', None: '-4.71', 'right': '2.05', 'left': '0.32'}","{'forward': '0.67', None: '-4.71', 'right': '1.90', 'left': '0.32'}"
14,False,"('forward', 'red', 'left')",forward,-9.267835362676657,"{'forward': '-10.22', None: '1.52', 'right': '0.82', 'left': '-13.43'}","{'forward': '-9.74', None: '1.52', 'right': '0.82', 'left': '-13.43'}"
14,False,"('forward', 'red', 'left')",,2.33639357979973,"{'forward': '-9.74', None: '1.52', 'right': '0.82', 'left': '-13.43'}","{'forward': '-9.74', None: '1.93', 'right': '0.82', 'left': '-13.43'}"
14,False,"('forward', 'green', 'left')",forward,1.9378573994309616,"{'forward': '1.45', None: '0.48', 'right': '0.00', 'left': '0.52'}","{'forward': '1.69', None: '0.48', 'right': '0.00', 'left': '0.52'}"
14,False,"('forward', 'red', None)",left,-39.86122518324251,"{'forward': '-11.09', None: '1.34', 'right': '-12.38', 'left': '-10.78'}","{'forward': '-11.09', None: '1.34', 'right': '-12.38', 'left': '-25.32'}"
14,False,"('forward', 'red', 'forward')",forward,-9.450030611737873,"{'forward': '-22.08', None: '1.39', 'right': '0.40', 'left': '-7.81'}","{'forward': '-15.76', None: '1.39', 'right': '0.40', 'left': '-7.81'}"
14,False,"('forward', 'red', 'forward')",,1.896250945057152,"{'forward': '-15.76', None: '1.39', 'right': '0.40', 'left': '-7.81'}","{'forward': '-15.76', None: '1.64', 'right': '0.40', 'left': '-7.81'}"
14,False,"('forward', 'green', 'forward')",right,0.9363729987738035,"{'forward': '0.00', None: '-2.90', 'right': '0.00', 'left': '-17.26'}","{'forward': '0.00', None: '-2.90', 'right': '0.47', 'left': '-17.26'}"
14,False,"('left', 'green', 'left')",,0.934790630976902,"{'forward': '0.76', None: '0.10', 'right': '0.16', 'left': '0.56'}","{'forward': '0.76', None: '0.52', 'right': '0.16', 'left': '0.56'}"
14,False,"('left', 'red', None)",left,-40.002610077009884,"{'forward': '-10.02', None: '2.09', 'right': '-6.66', 'left': '-24.83'}","{'forward': '-10.02', None: '2.09', 'right': '-6.66', 'left': '-32.42'}"
14,False,"('left', 'red', None)",left,-9.952443841627659,"{'forward': '-10.02', None: '2.09', 'right': '-6.66', 'left': '-32.42'}","{'forward': '-10.02', None: '2.09', 'right': '-6.66', 'left': '-21.18'}"
14,False,"('left', 'green', None)",left,1.8602997159078736,"{'forward': '0.90', None: '-5.38', 'right': '0.09', 'left': '1.96'}","{'forward': '0.90', None: '-5.38', 'right': '0.09', 'left': '1.91'}"
14,False,"('right', 'green', None)",right,0.26825869421830895,"{'forward': '0.67', None: '-4.71', 'right': '1.90', 'left': '0.32'}","{'forward': '0.67', None: '-4.71', 'right': '1.08', 'left': '0.32'}"
14,False,"('forward', 'red', None)",forward,-40.35249694743972,"{'forward': '-11.09', None: '1.34', 'right': '-12.38', 'left': '-25.32'}","{'forward': '-25.72', None: '1.34', 'right': '-12.38', 'left': '-25.32'}"
15,False,"('left', 'green', 'left')",left,2.996210893459498,"{'forward': '0.76', None: '0.52', 'right': '0.16', 'left': '0.56'}","{'forward': '0.76', None: '0.52', 'right': '0.16', 'left': '1.78'}"
15,False,"('forward', 'green', None)",left,0.766189646277088,"{'forward': '1.25', None: '-4.82', 'right': '0.93', 'left': '0.84'}","{'forward': '1.25', None: '-4.82', 'right': '0.93', 'left': '0.80'}"
15,False,"('right', 'green', None)",,-5.829345060989846,"{'forward': '0.67', None: '-4.71', 'right': '1.08', 'left': '0.32'}","{'forward': '0.67', None: '-5.27', 'right': '1.08', 'left': '0.32'}"
15,False,"('right', 'green', None)",,-4.328180316795406,"{'forward': '0.67', None: '-5.27', 'right': '1.08', 'left': '0.32'}","{'forward': '0.67', None: '-4.80', 'right': '1.08', 'left': '0.32'}"
15,False,"('right', 'green', None)",right,2.188449262566108,"{'forward': '0.67', None: '-4.80', 'right': '1.08', 'left': '0.32'}","{'forward': '0.67', None: '-4.80', 'right': '1.64', 'left': '0.32'}"
15,False,"('forward', 'green', None)",left,0.6432417403202269,"{'forward': '1.25', None: '-4.82', 'right': '0.93', 'left': '0.80'}","{'forward': '1.25', None: '-4.82', 'right': '0.93', 'left': '0.72'}"
15,False,"('right', 'red', None)",forward,-39.59131306418299,"{'forward': '-10.06', None: '0.97', 'right': '2.27', 'left': '-29.07'}","{'forward': '-24.82', None: '0.97', 'right': '2.27', 'left': '-29.07'}"
15,False,"('right', 'green', None)",right,2.8056194866582933,"{'forward': '0.67', None: '-4.80', 'right': '1.64', 'left': '0.32'}","{'forward': '0.67', None: '-4.80', 'right': '2.22', 'left': '0.32'}"
15,False,"('left', 'green', 'left')",forward,0.16945038999051498,"{'forward': '0.76', None: '0.52', 'right': '0.16', 'left': '1.78'}","{'forward': '0.47', None: '0.52', 'right': '0.16', 'left': '1.78'}"
15,False,"('left', 'red', None)",forward,-39.52926721767163,"{'forward': '-10.02', None: '2.09', 'right': '-6.66', 'left': '-21.18'}","{'forward': '-24.77', None: '2.09', 'right': '-6.66', 'left': '-21.18'}"
15,False,"('left', 'red', None)",forward,-9.880930634518728,"{'forward': '-24.77', None: '2.09', 'right': '-6.66', 'left': '-21.18'}","{'forward': '-17.33', None: '2.09', 'right': '-6.66', 'left': '-21.18'}"
15,False,"('left', 'red', None)",,1.016616196355869,"{'forward': '-17.33', None: '2.09', 'right': '-6.66', 'left': '-21.18'}","{'forward': '-17.33', None: '1.55', 'right': '-6.66', 'left': '-21.18'}"
15,False,"('left', 'red', None)",,2.224956978795761,"{'forward': '-17.33', None: '1.55', 'right': '-6.66', 'left': '-21.18'}","{'forward': '-17.33', None: '1.89', 'right': '-6.66', 'left': '-21.18'}"
15,False,"('left', 'green', 'left')",forward,0.4478349816459074,"{'forward': '0.47', None: '0.52', 'right': '0.16', 'left': '1.78'}","{'forward': '0.46', None: '0.52', 'right': '0.16', 'left': '1.78'}"
15,False,"('left', 'red', 'forward')",,1.161219483280122,"{'forward': '-8.02', None: '1.49', 'right': '0.63', 'left': '-21.00'}","{'forward': '-8.02', None: '1.32', 'right': '0.63', 'left': '-21.00'}"
15,False,"('left', 'green', 'forward')",right,0.8344224375738258,"{'forward': '0.24', None: '-3.90', 'right': '-0.20', 'left': '-15.33'}","{'forward': '0.24', None: '-3.90', 'right': '0.32', 'left': '-15.33'}"
15,False,"('right', 'green', None)",,-5.96965825330294,"{'forward': '0.67', None: '-4.80', 'right': '2.22', 'left': '0.32'}","{'forward': '0.67', None: '-5.38', 'right': '2.22', 'left': '0.32'}"
15,False,"('right', 'green', None)",forward,-0.2385942776598059,"{'forward': '0.67', None: '-5.38', 'right': '2.22', 'left': '0.32'}","{'forward': '0.22', None: '-5.38', 'right': '2.22', 'left': '0.32'}"
15,False,"('right', 'green', None)",right,1.9715356847972927,"{'forward': '0.22', None: '-5.38', 'right': '2.22', 'left': '0.32'}","{'forward': '0.22', None: '-5.38', 'right': '2.10', 'left': '0.32'}"
15,False,"('forward', 'red', None)",,1.2153820421106805,"{'forward': '-25.72', None: '1.34', 'right': '-12.38', 'left': '-25.32'}","{'forward': '-25.72', None: '1.28', 'right': '-12.38', 'left': '-25.32'}"
16,False,"('left', 'green', 'forward')",left,-20.341814909411855,"{'forward': '0.24', None: '-3.90', 'right': '0.32', 'left': '-15.33'}","{'forward': '0.24', None: '-3.90', 'right': '0.32', 'left': '-17.84'}"
16,False,"('left', 'green', None)",,-5.57410263581488,"{'forward': '0.90', None: '-5.38', 'right': '0.09', 'left': '1.91'}","{'forward': '0.90', None: '-5.48', 'right': '0.09', 'left': '1.91'}"
16,False,"('left', 'green', 'forward')",forward,0.4770925339723874,"{'forward': '0.24', None: '-3.90', 'right': '0.32', 'left': '-17.84'}","{'forward': '0.36', None: '-3.90', 'right': '0.32', 'left': '-17.84'}"
16,False,"('left', 'red', None)",right,-19.867952156251434,"{'forward': '-17.33', None: '1.89', 'right': '-6.66', 'left': '-21.18'}","{'forward': '-17.33', None: '1.89', 'right': '-13.26', 'left': '-21.18'}"
16,False,"('left', 'red', None)",right,1.4938949497477956,"{'forward': '-17.33', None: '1.89', 'right': '-13.26', 'left': '-21.18'}","{'forward': '-17.33', None: '1.89', 'right': '-5.89', 'left': '-21.18'}"
16,False,"('left', 'green', None)",,-4.140060304459838,"{'forward': '0.90', None: '-5.48', 'right': '0.09', 'left': '1.91'}","{'forward': '0.90', None: '-4.81', 'right': '0.09', 'left': '1.91'}"
16,False,"('left', 'green', None)",forward,1.3668226669344417,"{'forward': '0.90', None: '-4.81', 'right': '0.09', 'left': '1.91'}","{'forward': '1.13', None: '-4.81', 'right': '0.09', 'left': '1.91'}"
16,False,"('left', 'red', None)",,0.97942235542039,"{'forward': '-17.33', None: '1.89', 'right': '-5.89', 'left': '-21.18'}","{'forward': '-17.33', None: '1.43', 'right': '-5.89', 'left': '-21.18'}"
16,False,"('left', 'red', 'left')",left,-9.639857222348873,"{'forward': '-14.90', None: '0.76', 'right': '-4.26', 'left': '-22.25'}","{'forward': '-14.90', None: '0.76', 'right': '-4.26', 'left': '-15.95'}"
16,False,"('left', 'red', 'left')",right,1.1794621789459576,"{'forward': '-14.90', None: '0.76', 'right': '-4.26', 'left': '-15.95'}","{'forward': '-14.90', None: '0.76', 'right': '-1.54', 'left': '-15.95'}"
16,False,"('right', 'red', None)",left,-9.890256424799041,"{'forward': '-24.82', None: '0.97', 'right': '2.27', 'left': '-29.07'}","{'forward': '-24.82', None: '0.97', 'right': '2.27', 'left': '-19.48'}"
16,False,"('right', 'green', None)",,-5.75028181819236,"{'forward': '0.22', None: '-5.38', 'right': '2.10', 'left': '0.32'}","{'forward': '0.22', None: '-5.57', 'right': '2.10', 'left': '0.32'}"
16,False,"('right', 'green', None)",forward,-0.06650345292633753,"{'forward': '0.22', None: '-5.57', 'right': '2.10', 'left': '0.32'}","{'forward': '0.07', None: '-5.57', 'right': '2.10', 'left': '0.32'}"
16,False,"('right', 'red', None)",forward,-10.553980681507579,"{'forward': '-24.82', None: '0.97', 'right': '2.27', 'left': '-19.48'}","{'forward': '-17.69', None: '0.97', 'right': '2.27', 'left': '-19.48'}"
16,False,"('right', 'red', None)",left,-9.388222857836766,"{'forward': '-17.69', None: '0.97', 'right': '2.27', 'left': '-19.48'}","{'forward': '-17.69', None: '0.97', 'right': '2.27', 'left': '-14.43'}"
16,False,"('right', 'red', None)",right,1.7350460988835528,"{'forward': '-17.69', None: '0.97', 'right': '2.27', 'left': '-14.43'}","{'forward': '-17.69', None: '0.97', 'right': '2.00', 'left': '-14.43'}"
16,False,"('forward', 'red', None)",right,-20.768694249720475,"{'forward': '-25.72', None: '1.28', 'right': '-12.38', 'left': '-25.32'}","{'forward': '-25.72', None: '1.28', 'right': '-16.58', 'left': '-25.32'}"
16,False,"('forward', 'red', None)",forward,-10.171406415389812,"{'forward': '-25.72', None: '1.28', 'right': '-16.58', 'left': '-25.32'}","{'forward': '-17.95', None: '1.28', 'right': '-16.58', 'left': '-25.32'}"
16,False,"('forward', 'red', None)",,1.0376598190190245,"{'forward': '-17.95', None: '1.28', 'right': '-16.58', 'left': '-25.32'}","{'forward': '-17.95', None: '1.16', 'right': '-16.58', 'left': '-25.32'}"
16,False,"('forward', 'red', 'right')",left,-40.369320152822695,"{'forward': '-7.36', None: '0.44', 'right': '0.00', 'left': '-30.19'}","{'forward': '-7.36', None: '0.44', 'right': '0.00', 'left': '-35.28'}"
17,False,"('right', 'green', None)",right,2.0735825846113283,"{'forward': '0.07', None: '-5.57', 'right': '2.10', 'left': '0.32'}","{'forward': '0.07', None: '-5.57', 'right': '2.08', 'left': '0.32'}"
17,False,"('forward', 'green', None)",right,0.005631979000143672,"{'forward': '1.25', None: '-4.82', 'right': '0.93', 'left': '0.72'}","{'forward': '1.25', None: '-4.82', 'right': '0.47', 'left': '0.72'}"
17,False,"('left', 'green', None)",forward,1.9336044813939566,"{'forward': '1.13', None: '-4.81', 'right': '0.09', 'left': '1.91'}","{'forward': '1.53', None: '-4.81', 'right': '0.09', 'left': '1.91'}"
17,False,"('left', 'green', None)",left,2.7243815506299356,"{'forward': '1.53', None: '-4.81', 'right': '0.09', 'left': '1.91'}","{'forward': '1.53', None: '-4.81', 'right': '0.09', 'left': '2.32'}"
17,False,"('right', 'red', None)",right,-19.030085898990844,"{'forward': '-17.69', None: '0.97', 'right': '2.00', 'left': '-14.43'}","{'forward': '-17.69', None: '0.97', 'right': '-8.51', 'left': '-14.43'}"
17,False,"('right', 'red', None)",,1.8440128213323868,"{'forward': '-17.69', None: '0.97', 'right': '-8.51', 'left': '-14.43'}","{'forward': '-17.69', None: '1.41', 'right': '-8.51', 'left': '-14.43'}"
17,False,"('right', 'red', None)",left,-9.216179692999223,"{'forward': '-17.69', None: '1.41', 'right': '-8.51', 'left': '-14.43'}","{'forward': '-17.69', None: '1.41', 'right': '-8.51', 'left': '-11.82'}"
17,False,"('right', 'green', None)",left,0.6610835965153603,"{'forward': '0.07', None: '-5.57', 'right': '2.08', 'left': '0.32'}","{'forward': '0.07', None: '-5.57', 'right': '2.08', 'left': '0.49'}"
17,False,"('right', 'red', None)",forward,-39.91653995000598,"{'forward': '-17.69', None: '1.41', 'right': '-8.51', 'left': '-11.82'}","{'forward': '-28.80', None: '1.41', 'right': '-8.51', 'left': '-11.82'}"
17,False,"('right', 'red', None)",forward,-40.310123389640125,"{'forward': '-28.80', None: '1.41', 'right': '-8.51', 'left': '-11.82'}","{'forward': '-34.56', None: '1.41', 'right': '-8.51', 'left': '-11.82'}"
17,False,"('right', 'green', None)",left,0.9920109161855776,"{'forward': '0.07', None: '-5.57', 'right': '2.08', 'left': '0.49'}","{'forward': '0.07', None: '-5.57', 'right': '2.08', 'left': '0.74'}"
17,False,"('left', 'green', 'left')",left,1.873186500758255,"{'forward': '0.46', None: '0.52', 'right': '0.16', 'left': '1.78'}","{'forward': '0.46', None: '0.52', 'right': '0.16', 'left': '1.83'}"
17,False,"('left', 'green', None)",,-5.912732126102138,"{'forward': '1.53', None: '-4.81', 'right': '0.09', 'left': '2.32'}","{'forward': '1.53', None: '-5.36', 'right': '0.09', 'left': '2.32'}"
17,False,"('left', 'red', None)",forward,-39.36270760794018,"{'forward': '-17.33', None: '1.43', 'right': '-5.89', 'left': '-21.18'}","{'forward': '-28.35', None: '1.43', 'right': '-5.89', 'left': '-21.18'}"
17,False,"('left', 'red', 'right')",left,-39.81637134074333,"{'forward': '-7.33', None: '0.00', 'right': '0.66', 'left': '-20.30'}","{'forward': '-7.33', None: '0.00', 'right': '0.66', 'left': '-30.06'}"
17,False,"('left', 'red', None)",forward,-10.075957902860132,"{'forward': '-28.35', None: '1.43', 'right': '-5.89', 'left': '-21.18'}","{'forward': '-19.21', None: '1.43', 'right': '-5.89', 'left': '-21.18'}"
17,False,"('left', 'red', None)",right,1.2860427411682434,"{'forward': '-19.21', None: '1.43', 'right': '-5.89', 'left': '-21.18'}","{'forward': '-19.21', None: '1.43', 'right': '-2.30', 'left': '-21.18'}"
17,False,"('left', 'green', 'left')",forward,0.4631968314204006,"{'forward': '0.46', None: '0.52', 'right': '0.16', 'left': '1.83'}","{'forward': '0.46', None: '0.52', 'right': '0.16', 'left': '1.83'}"
17,False,"('left', 'green', 'left')",right,0.8352652961641398,"{'forward': '0.46', None: '0.52', 'right': '0.16', 'left': '1.83'}","{'forward': '0.46', None: '0.52', 'right': '0.50', 'left': '1.83'}"
17,False,"('right', 'green', None)",forward,-0.04824207326463237,"{'forward': '0.07', None: '-5.57', 'right': '2.08', 'left': '0.74'}","{'forward': '0.01', None: '-5.57', 'right': '2.08', 'left': '0.74'}"
18,False,"('right', 'red', 'left')",forward,-39.970233064057965,"{'forward': '-8.50', None: '1.12', 'right': '2.01', 'left': '0.00'}","{'forward': '-24.24', None: '1.12', 'right': '2.01', 'left': '0.00'}"
18,False,"('right', 'red', 'left')",,1.9382923786877997,"{'forward': '-24.24', None: '1.12', 'right': '2.01', 'left': '0.00'}","{'forward': '-24.24', None: '1.53', 'right': '2.01', 'left': '0.00'}"
18,False,"('right', 'red', 'left')",right,1.5213764337075244,"{'forward': '-24.24', None: '1.53', 'right': '2.01', 'left': '0.00'}","{'forward': '-24.24', None: '1.53', 'right': '1.77', 'left': '0.00'}"
18,False,"('forward', 'green', None)",,-4.860160378172043,"{'forward': '1.25', None: '-4.82', 'right': '0.47', 'left': '0.72'}","{'forward': '1.25', None: '-4.84', 'right': '0.47', 'left': '0.72'}"
18,False,"('forward', 'green', None)",left,0.23222780628245754,"{'forward': '1.25', None: '-4.84', 'right': '0.47', 'left': '0.72'}","{'forward': '1.25', None: '-4.84', 'right': '0.47', 'left': '0.48'}"
18,False,"('right', 'green', None)",right,2.37567879519174,"{'forward': '0.01', None: '-5.57', 'right': '2.08', 'left': '0.74'}","{'forward': '0.01', None: '-5.57', 'right': '2.23', 'left': '0.74'}"
18,False,"('forward', 'red', 'forward')",,2.8974868938782947,"{'forward': '-15.76', None: '1.64', 'right': '0.40', 'left': '-7.81'}","{'forward': '-15.76', None: '2.27', 'right': '0.40', 'left': '-7.81'}"
18,False,"('forward', 'green', 'forward')",,-5.15277365996637,"{'forward': '0.00', None: '-2.90', 'right': '0.47', 'left': '-17.26'}","{'forward': '0.00', None: '-4.03', 'right': '0.47', 'left': '-17.26'}"
18,False,"('forward', 'green', None)",,-4.524335541218997,"{'forward': '1.25', None: '-4.84', 'right': '0.47', 'left': '0.48'}","{'forward': '1.25', None: '-4.68', 'right': '0.47', 'left': '0.48'}"
18,False,"('forward', 'green', 'left')",left,0.16320805855658627,"{'forward': '1.69', None: '0.48', 'right': '0.00', 'left': '0.52'}","{'forward': '1.69', None: '0.48', 'right': '0.00', 'left': '0.34'}"
18,False,"('right', 'green', 'forward')",,-5.391352775813481,"{'forward': '0.52', None: '-2.94', 'right': '0.00', 'left': '-14.74'}","{'forward': '0.52', None: '-4.16', 'right': '0.00', 'left': '-14.74'}"
18,False,"('right', 'green', None)",forward,1.2566692088901399,"{'forward': '0.01', None: '-5.57', 'right': '2.23', 'left': '0.74'}","{'forward': '0.63', None: '-5.57', 'right': '2.23', 'left': '0.74'}"
18,False,"('right', 'red', None)",,2.629343248656088,"{'forward': '-34.56', None: '1.41', 'right': '-8.51', 'left': '-11.82'}","{'forward': '-34.56', None: '2.02', 'right': '-8.51', 'left': '-11.82'}"
18,False,"('right', 'red', None)",right,1.847599920794844,"{'forward': '-34.56', None: '2.02', 'right': '-8.51', 'left': '-11.82'}","{'forward': '-34.56', None: '2.02', 'right': '-3.33', 'left': '-11.82'}"
18,False,"('forward', 'red', None)",forward,-9.526118819911202,"{'forward': '-17.95', None: '1.16', 'right': '-16.58', 'left': '-25.32'}","{'forward': '-13.74', None: '1.16', 'right': '-16.58', 'left': '-25.32'}"
18,False,"('forward', 'red', 'right')",left,-39.191963393695175,"{'forward': '-7.36', None: '0.44', 'right': '0.00', 'left': '-35.28'}","{'forward': '-7.36', None: '0.44', 'right': '0.00', 'left': '-37.24'}"
18,False,"('forward', 'green', 'right')",,-5.43322230591216,"{'forward': '1.43', None: '0.00', 'right': '0.00', 'left': '-9.83'}","{'forward': '1.43', None: '-2.72', 'right': '0.00', 'left': '-9.83'}"
18,False,"('forward', 'green', None)",right,1.322308442301867,"{'forward': '1.25', None: '-4.68', 'right': '0.47', 'left': '0.48'}","{'forward': '1.25', None: '-4.68', 'right': '0.89', 'left': '0.48'}"
18,False,"('left', 'green', 'left')",left,1.629714515034315,"{'forward': '0.46', None: '0.52', 'right': '0.50', 'left': '1.83'}","{'forward': '0.46', None: '0.52', 'right': '0.50', 'left': '1.73'}"
18,False,"('right', 'green', 'forward')",right,2.351231521293278,"{'forward': '0.52', None: '-4.16', 'right': '0.00', 'left': '-14.74'}","{'forward': '0.52', None: '-4.16', 'right': '1.18', 'left': '-14.74'}"
19,False,"('forward', 'green', None)",,-5.048751909913172,"{'forward': '1.25', None: '-4.68', 'right': '0.89', 'left': '0.48'}","{'forward': '1.25', None: '-4.87', 'right': '0.89', 'left': '0.48'}"
19,False,"('forward', 'green', 'right')",right,0.999535596952578,"{'forward': '1.43', None: '-2.72', 'right': '0.00', 'left': '-9.83'}","{'forward': '1.43', None: '-2.72', 'right': '0.50', 'left': '-9.83'}"
19,False,"('left', 'red', None)",right,1.1708197840953773,"{'forward': '-19.21', None: '1.43', 'right': '-2.30', 'left': '-21.18'}","{'forward': '-19.21', None: '1.43', 'right': '-0.56', 'left': '-21.18'}"
19,False,"('right', 'green', 'left')",right,1.5001466034022,"{'forward': '0.56', None: '0.21', 'right': '1.51', 'left': '0.24'}","{'forward': '0.56', None: '0.21', 'right': '1.51', 'left': '0.24'}"
19,False,"('right', 'red', None)",,1.617907063860707,"{'forward': '-34.56', None: '2.02', 'right': '-3.33', 'left': '-11.82'}","{'forward': '-34.56', None: '1.82', 'right': '-3.33', 'left': '-11.82'}"
19,False,"('right', 'red', None)",left,-10.226019040797212,"{'forward': '-34.56', None: '1.82', 'right': '-3.33', 'left': '-11.82'}","{'forward': '-34.56', None: '1.82', 'right': '-3.33', 'left': '-11.03'}"
19,False,"('right', 'green', None)",left,-0.0935398200681421,"{'forward': '0.63', None: '-5.57', 'right': '2.23', 'left': '0.74'}","{'forward': '0.63', None: '-5.57', 'right': '2.23', 'left': '0.32'}"
19,False,"('forward', 'green', 'left')",left,0.7723899440216913,"{'forward': '1.69', None: '0.48', 'right': '0.00', 'left': '0.34'}","{'forward': '1.69', None: '0.48', 'right': '0.00', 'left': '0.56'}"
19,False,"('right', 'green', None)",left,0.4241015449919664,"{'forward': '0.63', None: '-5.57', 'right': '2.23', 'left': '0.32'}","{'forward': '0.63', None: '-5.57', 'right': '2.23', 'left': '0.37'}"
19,False,"('forward', 'red', None)",left,-10.558250075501508,"{'forward': '-13.74', None: '1.16', 'right': '-16.58', 'left': '-25.32'}","{'forward': '-13.74', None: '1.16', 'right': '-16.58', 'left': '-17.94'}"
19,False,"('forward', 'red', None)",left,-39.98061602380109,"{'forward': '-13.74', None: '1.16', 'right': '-16.58', 'left': '-17.94'}","{'forward': '-13.74', None: '1.16', 'right': '-16.58', 'left': '-28.96'}"
19,False,"('forward', 'green', None)",forward,2.478472139062851,"{'forward': '1.25', None: '-4.87', 'right': '0.89', 'left': '0.48'}","{'forward': '1.87', None: '-4.87', 'right': '0.89', 'left': '0.48'}"
19,False,"('forward', 'red', 'forward')",forward,-40.01985142721622,"{'forward': '-15.76', None: '2.27', 'right': '0.40', 'left': '-7.81'}","{'forward': '-27.89', None: '2.27', 'right': '0.40', 'left': '-7.81'}"
19,False,"('forward', 'green', 'forward')",right,0.21623121057799832,"{'forward': '0.00', None: '-4.03', 'right': '0.47', 'left': '-17.26'}","{'forward': '0.00', None: '-4.03', 'right': '0.34', 'left': '-17.26'}"
19,False,"('left', 'red', None)",forward,-10.295613480516772,"{'forward': '-19.21', None: '1.43', 'right': '-0.56', 'left': '-21.18'}","{'forward': '-14.75', None: '1.43', 'right': '-0.56', 'left': '-21.18'}"
19,False,"('left', 'red', None)",,1.2366321461581748,"{'forward': '-14.75', None: '1.43', 'right': '-0.56', 'left': '-21.18'}","{'forward': '-14.75', None: '1.34', 'right': '-0.56', 'left': '-21.18'}"
19,False,"('left', 'green', 'right')",,-5.693719181309904,"{'forward': '0.03', None: '-2.04', 'right': '0.00', 'left': '0.00'}","{'forward': '0.03', None: '-3.87', 'right': '0.00', 'left': '0.00'}"
19,False,"('left', 'green', None)",left,0.6168752617029187,"{'forward': '1.53', None: '-5.36', 'right': '0.09', 'left': '2.32'}","{'forward': '1.53', None: '-5.36', 'right': '0.09', 'left': '1.47'}"
19,False,"('forward', 'green', None)",,-4.777858559679079,"{'forward': '1.87', None: '-4.87', 'right': '0.89', 'left': '0.48'}","{'forward': '1.87', None: '-4.82', 'right': '0.89', 'left': '0.48'}"
19,False,"('forward', 'green', None)",forward,1.107197463199389,"{'forward': '1.87', None: '-4.82', 'right': '0.89', 'left': '0.48'}","{'forward': '1.49', None: '-4.82', 'right': '0.89', 'left': '0.48'}"
20,False,"('forward', 'red', 'left')",forward,-39.581294417089936,"{'forward': '-9.74', None: '1.93', 'right': '0.82', 'left': '-13.43'}","{'forward': '-24.66', None: '1.93', 'right': '0.82', 'left': '-13.43'}"
20,False,"('forward', 'red', 'left')",forward,-40.91933417302981,"{'forward': '-24.66', None: '1.93', 'right': '0.82', 'left': '-13.43'}","{'forward': '-32.79', None: '1.93', 'right': '0.82', 'left': '-13.43'}"
20,False,"('forward', 'red', 'left')",,2.488364148095949,"{'forward': '-32.79', None: '1.93', 'right': '0.82', 'left': '-13.43'}","{'forward': '-32.79', None: '2.21', 'right': '0.82', 'left': '-13.43'}"
20,False,"('forward', 'green', 'left')",,0.4184624162655245,"{'forward': '1.69', None: '0.48', 'right': '0.00', 'left': '0.56'}","{'forward': '1.69', None: '0.45', 'right': '0.00', 'left': '0.56'}"
20,False,"('forward', 'green', 'left')",forward,1.509871734047205,"{'forward': '1.69', None: '0.45', 'right': '0.00', 'left': '0.56'}","{'forward': '1.60', None: '0.45', 'right': '0.00', 'left': '0.56'}"
20,False,"('forward', 'green', 'forward')",,-4.924703691244279,"{'forward': '0.00', None: '-4.03', 'right': '0.34', 'left': '-17.26'}","{'forward': '0.00', None: '-4.48', 'right': '0.34', 'left': '-17.26'}"
20,False,"('forward', 'green', None)",right,-0.09047799110821697,"{'forward': '1.49', None: '-4.82', 'right': '0.89', 'left': '0.48'}","{'forward': '1.49', None: '-4.82', 'right': '0.40', 'left': '0.48'}"
20,False,"('left', 'green', None)",left,1.6609936637176435,"{'forward': '1.53', None: '-5.36', 'right': '0.09', 'left': '1.47'}","{'forward': '1.53', None: '-5.36', 'right': '0.09', 'left': '1.56'}"
20,False,"('forward', 'red', 'left')",forward,-10.264964251458878,"{'forward': '-32.79', None: '2.21', 'right': '0.82', 'left': '-13.43'}","{'forward': '-21.53', None: '2.21', 'right': '0.82', 'left': '-13.43'}"
20,False,"('forward', 'red', 'left')",left,-10.97900577047234,"{'forward': '-21.53', None: '2.21', 'right': '0.82', 'left': '-13.43'}","{'forward': '-21.53', None: '2.21', 'right': '0.82', 'left': '-12.21'}"
20,False,"('forward', 'red', 'left')",forward,-39.188596978032336,"{'forward': '-21.53', None: '2.21', 'right': '0.82', 'left': '-12.21'}","{'forward': '-30.36', None: '2.21', 'right': '0.82', 'left': '-12.21'}"
20,False,"('forward', 'green', 'left')",left,0.6319941532895379,"{'forward': '1.60', None: '0.45', 'right': '0.00', 'left': '0.56'}","{'forward': '1.60', None: '0.45', 'right': '0.00', 'left': '0.59'}"
20,False,"('right', 'green', None)",forward,1.250246730624001,"{'forward': '0.63', None: '-5.57', 'right': '2.23', 'left': '0.37'}","{'forward': '0.94', None: '-5.57', 'right': '2.23', 'left': '0.37'}"
20,False,"('right', 'red', 'left')",forward,-40.976035210500854,"{'forward': '-24.24', None: '1.53', 'right': '1.77', 'left': '0.00'}","{'forward': '-32.61', None: '1.53', 'right': '1.77', 'left': '0.00'}"
20,False,"('right', 'red', 'left')",right,1.4636839774449484,"{'forward': '-32.61', None: '1.53', 'right': '1.77', 'left': '0.00'}","{'forward': '-32.61', None: '1.53', 'right': '1.61', 'left': '0.00'}"
20,False,"('forward', 'green', None)",left,0.9621995478955814,"{'forward': '1.49', None: '-4.82', 'right': '0.40', 'left': '0.48'}","{'forward': '1.49', None: '-4.82', 'right': '0.40', 'left': '0.72'}"
20,False,"('right', 'green', 'right')",right,1.5059046028342822,"{'forward': '0.00', None: '0.00', 'right': '0.00', 'left': '0.00'}","{'forward': '0.00', None: '0.00', 'right': '0.75', 'left': '0.00'}"
20,False,"('right', 'red', 'right')",left,-39.442070263224174,"{'forward': '0.00', None: '0.95', 'right': '0.00', 'left': '-20.15'}","{'forward': '0.00', None: '0.95', 'right': '0.00', 'left': '-29.80'}"
20,False,"('right', 'red', None)",,2.213060632720934,"{'forward': '-34.56', None: '1.82', 'right': '-3.33', 'left': '-11.03'}","{'forward': '-34.56', None: '2.02', 'right': '-3.33', 'left': '-11.03'}"
20,False,"('right', 'green', 'right')",,-5.073486857345736,"{'forward': '0.00', None: '0.00', 'right': '0.75', 'left': '0.00'}","{'forward': '0.00', None: '-2.54', 'right': '0.75', 'left': '0.00'}"
